episode,agent_id,agent_utility,contracts_selected_count,agent_contract
10,0,354.218,4,"[30.0,28.0,25.0,21.0,15.0  ,  50.113,48.673,46.348,42.788,31.514]"
10,1,432.353,5,"[72.0,67.0,65.0,62.0,50.0  ,  129.231,125.631,124.081,121.411,98.863]"
10,2,467.095,5,"[49.0,47.0,40.0,31.0,29.0  ,  77.574,76.134,70.709,62.699,58.941]"
20,0,452.087,5,"[35.0,29.0,24.0,23.0,16.0  ,  55.635,51.315,47.44,46.55,33.397]"
20,1,435.036,5,"[68.0,67.0,65.0,62.0,42.0  ,  126.056,125.336,123.786,121.116,83.536]"
20,2,345.122,4,"[41.0,34.0,24.0,17.0,11.0  ,  52.032,46.992,39.242,33.012,21.738]"
30,0,364.769,4,"[34.0,28.0,27.0,23.0,21.0  ,  54.154,49.834,49.059,45.499,41.741]"
30,1,452.175,5,"[61.0,58.0,52.0,47.0,39.0  ,  105.241,103.081,98.431,93.981,78.949]"
30,2,466.239,5,"[50.0,40.0,38.0,26.0,21.0  ,  71.04,63.84,62.29,51.61,42.215]"
40,0,466.495,5,"[59.0,56.0,45.0,26.0,24.0  ,  79.626,77.466,68.941,52.031,48.273]"
40,1,450.284,5,"[40.0,37.0,31.0,30.0,13.0  ,  68.138,65.978,61.328,60.438,28.495]"
40,2,457.388,5,"[40.0,34.0,32.0,22.0,18.0  ,  62.853,58.533,56.983,48.083,40.567]"
50,0,277.341,3,"[49.0,48.0,40.0,37.0,35.0  ,  85.049,84.329,78.129,75.459,71.701]"
50,1,461.122,5,"[51.0,49.0,40.0,38.0,26.0  ,  86.74,85.3,78.325,76.545,53.997]"
50,2,457.422,5,"[51.0,46.0,45.0,44.0,40.0  ,  93.278,89.678,88.903,88.013,80.497]"
60,0,449.265,5,"[32.0,28.0,27.0,17.0,15.0  ,  46.977,44.097,43.322,34.422,30.664]"
60,1,0.0,0,"[42.0,36.0,36.0,34.0,27.0  ,  75.137,70.817,70.817,69.037,55.884]"
60,2,434.133,5,"[31.0,28.0,27.0,17.0,10.0  ,  48.538,46.378,45.603,36.703,23.55]"
70,0,456.202,5,"[41.0,39.0,31.0,17.0,15.0  ,  53.53,52.09,45.89,33.43,29.672]"
70,1,451.824,5,"[70.0,68.0,55.0,46.0,40.0  ,  109.842,108.402,98.327,90.317,79.043]"
70,2,430.441,5,"[29.0,26.0,23.0,15.0,11.0  ,  44.788,42.628,40.303,33.183,25.667]"
80,0,0.0,0,"[30.0,27.0,27.0,23.0,16.0  ,  53.939,51.779,51.779,48.219,35.066]"
80,1,440.632,5,"[64.0,60.0,59.0,51.0,50.0  ,  116.314,113.434,112.659,105.539,103.66]"
80,2,424.957,5,"[23.0,22.0,20.0,15.0,12.0  ,  38.182,37.462,35.912,31.462,25.825]"
90,0,464.288,5,"[47.0,44.0,40.0,36.0,33.0  ,  81.575,79.415,76.315,72.755,67.118]"
90,1,421.864,5,"[24.0,22.0,19.0,18.0,11.0  ,  44.544,43.104,40.779,39.889,26.736]"
90,2,455.521,5,"[58.0,53.0,49.0,29.0,17.0  ,  85.637,82.037,78.937,61.137,38.589]"
100,0,457.429,5,"[47.0,45.0,33.0,21.0,17.0  ,  67.358,65.918,56.618,45.938,38.422]"
100,1,396.315,5,"[20.0,18.0,14.0,12.0,10.0  ,  32.339,30.899,27.799,26.019,22.261]"
100,2,437.415,5,"[33.0,29.0,25.0,19.0,11.0  ,  52.97,50.09,46.99,41.65,26.618]"
110,0,466.41,5,"[48.0,47.0,42.0,33.0,26.0  ,  77.796,77.076,73.201,65.191,52.038]"
110,1,466.022,5,"[43.0,39.0,31.0,27.0,25.0  ,  67.714,64.834,58.634,55.074,51.316]"
110,2,459.855,5,"[47.0,40.0,36.0,21.0,18.0  ,  66.7,61.66,58.56,45.21,39.573]"
120,0,416.056,5,"[32.0,25.0,16.0,11.0,10.0  ,  38.217,33.177,26.202,21.752,19.873]"
120,1,443.064,5,"[27.0,26.0,22.0,19.0,14.0  ,  43.549,42.829,39.729,37.059,27.664]"
120,2,437.184,5,"[35.0,34.0,29.0,17.0,10.0  ,  53.006,52.286,48.411,37.731,24.578]"
130,0,0.0,0,"[100.0,100.0,83.0,24.0,24.0  ,  113.127,113.127,99.952,47.442,47.442]"
130,1,440.676,5,"[40.0,37.0,34.0,30.0,10.0  ,  70.38,68.22,65.895,62.335,24.755]"
130,2,437.698,5,"[34.0,29.0,24.0,21.0,11.0  ,  55.653,52.053,48.178,45.508,26.718]"
140,0,441.904,5,"[70.0,69.0,61.0,52.0,46.0  ,  118.907,118.187,111.987,103.977,92.703]"
140,1,413.135,5,"[24.0,22.0,17.0,15.0,10.0  ,  41.25,39.81,35.935,34.155,24.76]"
140,2,410.99,5,"[25.0,22.0,17.0,13.0,10.0  ,  39.946,37.786,33.911,30.351,24.714]"
150,0,460.324,5,"[43.0,40.0,26.0,20.0,18.0  ,  57.859,55.699,44.849,39.509,35.751]"
150,1,436.732,5,"[68.0,67.0,64.0,58.0,50.0  ,  122.311,121.591,119.266,113.926,98.894]"
150,2,423.306,5,"[32.0,24.0,21.0,14.0,10.0  ,  46.205,40.445,38.12,31.89,24.374]"
160,0,443.893,5,"[38.0,35.0,24.0,16.0,12.0  ,  49.945,47.785,39.26,32.14,24.624]"
160,1,432.434,5,"[28.0,27.0,22.0,16.0,12.0  ,  46.156,45.436,41.561,36.221,28.705]"
160,2,430.492,5,"[37.0,26.0,21.0,17.0,10.0  ,  51.677,43.757,39.882,36.322,23.169]"
170,0,446.892,5,"[44.0,41.0,27.0,17.0,12.0  ,  56.771,54.611,43.761,34.861,25.466]"
170,1,439.204,5,"[29.0,27.0,23.0,21.0,11.0  ,  46.846,45.406,42.306,40.526,21.736]"
170,2,433.592,5,"[26.0,24.0,21.0,16.0,13.0  ,  41.635,40.195,37.87,33.42,27.783]"
180,0,443.207,5,"[64.0,62.0,47.0,19.0,10.0  ,  75.322,73.882,62.257,37.337,20.426]"
180,1,420.975,5,"[27.0,26.0,18.0,16.0,10.0  ,  44.73,44.01,37.81,36.03,24.756]"
180,2,454.409,5,"[33.0,32.0,26.0,21.0,17.0  ,  53.371,52.651,48.001,43.551,36.035]"
190,0,450.123,5,"[65.0,63.0,61.0,47.0,38.0  ,  109.021,107.581,106.031,93.571,76.66]"
190,1,452.058,5,"[37.0,35.0,30.0,27.0,15.0  ,  65.173,63.733,59.858,57.188,34.64]"
190,2,449.817,5,"[32.0,27.0,25.0,20.0,16.0  ,  51.011,47.411,45.861,41.411,33.895]"
200,0,435.848,5,"[38.0,36.0,28.0,13.0,10.0  ,  48.0,46.56,40.36,27.01,21.373]"
200,1,424.906,5,"[72.0,70.0,66.0,64.0,50.0  ,  136.426,134.986,131.886,130.106,103.8]"
200,2,0.0,0,"[20.0,20.0,18.0,10.0,10.0  ,  33.125,33.125,31.575,24.455,24.455]"
210,0,0.0,0,"[43.0,43.0,34.0,16.0,12.0  ,  55.586,55.586,48.611,32.591,25.075]"
210,1,447.949,5,"[56.0,55.0,50.0,48.0,44.0  ,  105.835,105.115,101.24,99.46,91.944]"
210,2,441.119,5,"[49.0,48.0,44.0,31.0,10.0  ,  79.526,78.806,75.706,64.136,24.677]"
220,0,446.396,5,"[42.0,41.0,35.0,22.0,10.0  ,  60.45,59.73,55.08,43.51,20.962]"
220,1,427.536,5,"[27.0,25.0,21.0,18.0,10.0  ,  45.123,43.683,40.583,37.913,22.881]"
220,2,408.14,5,"[24.0,20.0,17.0,13.0,10.0  ,  39.044,36.164,33.839,30.279,24.642]"
230,0,445.303,5,"[50.0,49.0,35.0,19.0,10.0  ,  63.622,62.902,52.052,37.812,20.901]"
230,1,417.832,5,"[26.0,24.0,19.0,14.0,10.0  ,  42.036,40.596,36.721,32.271,24.755]"
230,2,431.859,5,"[44.0,28.0,25.0,15.0,10.0  ,  56.818,45.298,42.973,34.073,24.678]"
240,0,457.251,5,"[46.0,45.0,39.0,23.0,14.0  ,  65.265,64.545,59.895,45.655,28.744]"
240,1,453.097,5,"[32.0,30.0,26.0,25.0,15.0  ,  53.86,52.42,49.32,48.43,29.64]"
240,2,454.654,5,"[50.0,49.0,46.0,43.0,40.0  ,  95.251,94.531,92.206,89.536,83.899]"
250,0,448.048,5,"[39.0,38.0,31.0,22.0,11.0  ,  57.872,57.152,51.727,43.717,23.048]"
250,1,445.403,5,"[37.0,35.0,31.0,21.0,10.0  ,  53.869,52.429,49.329,40.429,19.76]"
250,2,431.238,5,"[37.0,34.0,31.0,12.0,10.0  ,  49.805,47.645,45.32,28.41,24.652]"
260,0,369.943,4,"[45.0,44.0,36.0,32.0,22.0  ,  74.066,73.346,67.146,63.586,44.796]"
260,1,464.469,5,"[44.0,42.0,37.0,36.0,24.0  ,  76.177,74.737,70.862,69.972,47.424]"
260,2,459.288,5,"[62.0,51.0,50.0,36.0,32.0  ,  96.755,88.835,88.06,75.6,68.084]"
270,0,446.554,5,"[46.0,44.0,35.0,23.0,10.0  ,  64.584,63.144,56.169,45.489,21.062]"
270,1,424.18,5,"[26.0,24.0,19.0,15.0,10.0  ,  38.03,36.59,32.715,29.155,19.76]"
270,2,442.505,5,"[53.0,49.0,47.0,23.0,10.0  ,  74.848,71.968,70.418,49.058,24.631]"
280,0,435.247,5,"[30.0,28.0,23.0,20.0,10.0  ,  48.081,46.641,42.766,40.096,21.306]"
280,1,433.942,5,"[32.0,31.0,23.0,20.0,10.0  ,  52.956,52.236,46.036,43.366,24.576]"
280,2,438.554,5,"[38.0,37.0,34.0,16.0,10.0  ,  54.966,54.246,51.921,35.901,24.627]"
290,0,437.932,5,"[73.0,72.0,61.0,19.0,10.0  ,  84.597,83.877,75.352,37.972,21.061]"
290,1,347.923,4,"[30.0,29.0,24.0,19.0,12.0  ,  45.91,45.19,41.315,36.865,23.712]"
290,2,430.036,5,"[35.0,32.0,30.0,12.0,10.0  ,  48.154,45.994,44.444,28.424,24.666]"
300,0,445.908,5,"[57.0,55.0,50.0,24.0,10.0  ,  74.857,73.417,69.542,46.402,20.096]"
300,1,244.996,3,"[30.0,28.0,23.0,21.0,10.0  ,  52.524,51.084,47.209,45.429,24.76]"
300,2,431.574,5,"[75.0,70.0,68.0,56.0,50.0  ,  130.856,127.256,125.706,115.026,103.752]"
310,0,446.114,5,"[44.0,43.0,34.0,20.0,10.0  ,  59.609,58.889,51.914,39.454,20.664]"
310,1,437.091,5,"[29.0,27.0,21.0,20.0,13.0  ,  50.821,49.381,44.731,43.841,30.688]"
310,2,441.705,5,"[44.0,39.0,36.0,19.0,10.0  ,  62.654,59.054,56.729,41.599,24.688]"
320,0,452.372,5,"[41.0,40.0,33.0,23.0,12.0  ,  60.036,59.316,53.891,44.991,24.322]"
320,1,442.006,5,"[31.0,28.0,22.0,20.0,12.0  ,  47.358,45.198,40.548,38.768,23.736]"
320,2,449.311,5,"[40.0,34.0,30.0,18.0,14.0  ,  57.989,53.669,50.569,39.889,32.373]"
330,0,441.549,5,"[51.0,50.0,44.0,41.0,11.0  ,  87.134,86.414,81.764,79.094,22.724]"
330,1,429.968,5,"[30.0,29.0,21.0,19.0,10.0  ,  50.371,49.651,43.451,41.671,24.76]"
330,2,442.262,5,"[39.0,34.0,31.0,18.0,11.0  ,  57.206,53.606,51.281,39.711,26.558]"
340,0,454.784,5,"[43.0,42.0,37.0,27.0,13.0  ,  66.383,65.663,61.788,52.888,26.582]"
340,1,444.893,5,"[37.0,35.0,29.0,26.0,10.0  ,  58.584,57.144,52.494,49.824,19.76]"
340,2,430.181,5,"[33.0,29.0,26.0,14.0,10.0  ,  48.051,45.171,42.846,32.166,24.65]"
350,0,463.147,5,"[48.0,46.0,37.0,34.0,23.0  ,  79.202,77.762,70.787,68.117,47.448]"
350,1,423.967,5,"[25.0,24.0,19.0,17.0,10.0  ,  40.892,40.172,36.297,34.517,21.364]"
350,2,449.931,5,"[68.0,63.0,57.0,43.0,40.0  ,  110.337,106.737,102.087,89.627,83.99]"
360,0,457.674,5,"[42.0,40.0,29.0,19.0,16.0  ,  57.154,55.714,47.189,38.289,32.652]"
360,1,424.737,5,"[25.0,23.0,19.0,17.0,10.0  ,  39.243,37.803,34.703,32.923,19.77]"
360,2,442.785,5,"[54.0,43.0,37.0,22.0,10.0  ,  73.029,65.109,60.459,47.109,24.561]"
370,0,451.323,5,"[47.0,45.0,38.0,27.0,12.0  ,  70.642,69.202,63.777,53.987,25.802]"
370,1,431.178,5,"[29.0,27.0,23.0,21.0,10.0  ,  51.742,50.302,47.202,45.422,24.753]"
370,2,429.746,5,"[53.0,36.0,31.0,11.0,10.0  ,  60.428,48.188,44.313,26.513,24.634]"
380,0,445.944,5,"[52.0,50.0,41.0,28.0,10.0  ,  74.672,73.232,66.257,54.687,20.865]"
380,1,437.26,5,"[30.0,28.0,23.0,22.0,10.0  ,  48.603,47.163,43.288,42.398,19.85]"
380,2,446.613,5,"[38.0,29.0,26.0,19.0,14.0  ,  56.523,50.043,47.718,41.488,32.093]"
390,0,438.86,5,"[30.0,29.0,23.0,16.0,12.0  ,  44.166,43.446,38.796,32.566,25.05]"
390,1,439.519,5,"[36.0,34.0,29.0,26.0,10.0  ,  62.808,61.368,57.493,54.823,24.759]"
390,2,427.005,5,"[38.0,29.0,25.0,12.0,10.0  ,  49.66,43.18,40.08,28.51,24.752]"
400,0,456.321,5,"[41.0,39.0,28.0,20.0,15.0  ,  56.801,55.361,46.836,39.716,30.321]"
400,1,437.907,5,"[33.0,32.0,28.0,26.0,10.0  ,  60.423,59.703,56.603,54.823,24.759]"
400,2,442.534,5,"[40.0,31.0,27.0,18.0,12.0  ,  57.536,51.056,47.956,39.946,28.672]"
410,0,464.388,5,"[40.0,38.0,32.0,31.0,23.0  ,  68.598,67.158,62.508,61.618,46.586]"
410,1,426.864,5,"[28.0,26.0,21.0,18.0,10.0  ,  47.776,46.336,42.461,39.791,24.759]"
410,2,436.884,5,"[41.0,35.0,32.0,15.0,10.0  ,  55.902,51.582,49.257,34.127,24.732]"
420,0,450.155,5,"[47.0,45.0,41.0,15.0,13.0  ,  58.63,57.19,54.09,30.95,27.192]"
420,1,435.499,5,"[29.0,28.0,22.0,20.0,10.0  ,  45.7,44.98,40.33,38.55,19.76]"
420,2,462.873,5,"[52.0,37.0,35.0,26.0,22.0  ,  75.479,64.679,63.129,55.119,47.603]"
430,0,425.644,5,"[27.0,25.0,17.0,14.0,12.0  ,  39.164,37.724,31.524,28.854,25.096]"
430,1,442.052,5,"[33.0,32.0,26.0,25.0,10.0  ,  54.205,53.485,48.835,47.945,19.76]"
430,2,463.092,5,"[45.0,44.0,41.0,31.0,25.0  ,  77.379,76.659,74.334,65.434,54.16]"
440,0,464.32,5,"[42.0,39.0,29.0,24.0,20.0  ,  61.626,59.466,51.716,47.266,39.75]"
440,1,440.306,5,"[35.0,33.0,28.0,26.0,10.0  ,  60.286,58.846,54.971,53.191,23.127]"
440,2,430.852,5,"[30.0,27.0,25.0,14.0,11.0  ,  45.509,43.349,41.799,32.009,26.372]"
450,0,449.083,5,"[35.0,32.0,24.0,18.0,15.0  ,  51.481,49.321,43.121,37.781,32.144]"
450,1,436.856,5,"[31.0,30.0,23.0,20.0,11.0  ,  51.693,50.973,45.548,42.878,25.967]"
450,2,463.779,5,"[55.0,41.0,37.0,30.0,26.0  ,  82.558,72.478,69.378,63.148,55.632]"
460,0,457.855,5,"[56.0,53.0,48.0,40.0,36.0  ,  95.647,93.487,89.612,82.492,74.976]"
460,1,430.835,5,"[29.0,28.0,22.0,21.0,10.0  ,  51.689,50.969,46.319,45.429,24.76]"
460,2,426.574,5,"[35.0,28.0,21.0,14.0,10.0  ,  48.619,43.579,38.154,31.924,24.408]"
470,0,464.908,5,"[41.0,38.0,30.0,27.0,22.0  ,  64.863,62.703,56.503,53.833,44.438]"
470,1,412.832,5,"[22.0,20.0,17.0,14.0,10.0  ,  33.711,32.271,29.946,27.276,19.76]"
470,2,442.817,5,"[43.0,33.0,28.0,24.0,11.0  ,  65.798,58.598,54.723,51.163,26.736]"
480,0,461.584,5,"[38.0,36.0,31.0,21.0,19.0  ,  57.107,55.667,51.792,42.892,39.134]"
480,1,426.262,5,"[27.0,25.0,21.0,19.0,10.0  ,  47.991,46.551,43.451,41.671,24.76]"
480,2,444.783,5,"[45.0,34.0,29.0,23.0,10.0  ,  61.99,54.07,50.195,44.855,20.428]"
490,0,446.244,5,"[64.0,62.0,58.0,50.0,40.0  ,  112.715,111.275,108.175,101.055,82.265]"
490,1,454.094,5,"[44.0,43.0,34.0,33.0,16.0  ,  76.535,75.815,68.84,67.95,36.007]"
490,2,454.411,5,"[47.0,39.0,36.0,27.0,15.0  ,  73.265,67.505,65.18,57.17,34.622]"
500,0,462.299,5,"[46.0,43.0,32.0,22.0,20.0  ,  66.164,64.004,55.479,46.579,42.821]"
500,1,419.747,5,"[25.0,23.0,19.0,17.0,10.0  ,  44.233,42.793,39.693,37.913,24.76]"
500,2,440.503,5,"[46.0,33.0,31.0,16.0,11.0  ,  60.344,50.984,49.434,36.084,26.689]"
510,0,460.913,5,"[41.0,38.0,31.0,26.0,17.0  ,  63.146,60.986,55.561,51.111,34.2]"
510,1,446.277,5,"[33.0,30.0,23.0,22.0,15.0  ,  56.268,54.108,48.683,47.793,34.64]"
510,2,432.492,5,"[39.0,26.0,23.0,14.0,10.0  ,  47.042,37.682,35.357,27.347,19.831]"
520,0,460.715,5,"[41.0,39.0,34.0,19.0,18.0  ,  57.989,56.549,52.674,39.324,37.445]"
520,1,445.842,5,"[36.0,33.0,29.0,28.0,12.0  ,  63.582,61.422,58.322,57.432,27.368]"
520,2,412.27,5,"[27.0,22.0,17.0,13.0,10.0  ,  41.399,37.799,33.924,30.364,24.727]"
530,0,461.138,5,"[37.0,34.0,31.0,21.0,19.0  ,  56.2,54.04,51.715,42.815,39.057]"
530,1,388.071,5,"[17.0,16.0,14.0,13.0,10.0  ,  33.557,32.837,31.287,30.397,24.76]"
530,2,436.633,5,"[60.0,33.0,28.0,17.0,10.0  ,  70.789,51.349,47.474,37.684,24.531]"
540,0,465.826,5,"[52.0,49.0,42.0,34.0,31.0  ,  82.817,80.657,75.232,68.112,62.475]"
540,1,368.882,4,"[42.0,40.0,38.0,36.0,27.0  ,  78.691,77.251,75.701,73.921,57.01]"
540,2,448.25,5,"[71.0,59.0,54.0,47.0,34.0  ,  115.356,106.716,102.841,96.611,72.184]"
550,0,444.543,5,"[31.0,28.0,26.0,19.0,13.0  ,  49.203,47.043,45.493,39.263,27.989]"
550,1,440.642,5,"[34.0,31.0,24.0,22.0,10.0  ,  51.673,49.513,44.088,42.308,19.76]"
550,2,436.367,5,"[32.0,30.0,24.0,16.0,10.0  ,  44.266,42.826,38.176,31.056,19.782]"
560,0,465.527,5,"[44.0,42.0,36.0,29.0,22.0  ,  70.299,68.859,64.209,57.979,44.826]"
560,1,418.726,5,"[22.0,20.0,18.0,15.0,11.0  ,  34.912,33.472,31.922,29.252,21.736]"
560,2,439.11,5,"[39.0,32.0,28.0,22.0,10.0  ,  60.774,55.734,52.634,47.294,24.746]"
570,0,449.073,5,"[31.0,29.0,25.0,19.0,15.0  ,  48.614,47.174,44.074,38.734,31.218]"
570,1,433.835,5,"[29.0,26.0,23.0,22.0,11.0  ,  52.78,50.62,48.295,47.405,26.736]"
570,2,441.411,5,"[56.0,41.0,38.0,19.0,10.0  ,  71.706,60.906,58.581,41.671,24.76]"
580,0,451.725,5,"[35.0,32.0,28.0,21.0,15.0  ,  55.952,53.792,50.692,44.462,33.188]"
580,1,432.066,5,"[29.0,28.0,19.0,18.0,11.0  ,  45.612,44.892,37.917,37.027,23.874]"
580,2,439.146,5,"[45.0,31.0,27.0,15.0,10.0  ,  53.031,42.951,39.851,29.171,19.776]"
590,0,452.717,5,"[63.0,58.0,53.0,47.0,33.0  ,  106.164,102.564,98.689,93.349,67.043]"
590,1,434.344,5,"[29.0,27.0,24.0,21.0,10.0  ,  49.458,48.018,45.693,43.023,22.354]"
590,2,441.2,5,"[43.0,36.0,30.0,22.0,10.0  ,  63.949,58.909,54.259,47.139,24.591]"
600,0,446.552,5,"[35.0,32.0,25.0,21.0,13.0  ,  55.043,52.883,47.458,43.898,28.866]"
600,1,435.408,5,"[30.0,27.0,22.0,20.0,10.0  ,  46.365,44.205,40.33,38.55,19.76]"
600,2,440.473,5,"[39.0,30.0,27.0,18.0,10.0  ,  52.455,45.975,43.65,35.64,20.608]"
610,0,447.692,5,"[37.0,35.0,28.0,22.0,12.0  ,  57.285,55.845,50.42,45.08,26.29]"
610,1,428.034,5,"[32.0,26.0,20.0,19.0,10.0  ,  51.53,47.21,42.56,41.67,24.759]"
610,2,438.009,5,"[56.0,36.0,33.0,16.0,10.0  ,  67.889,53.489,51.164,36.034,24.76]"
620,0,454.719,5,"[36.0,33.0,28.0,24.0,15.0  ,  57.531,55.371,51.496,47.936,31.025]"
620,1,441.772,5,"[34.0,31.0,26.0,24.0,10.0  ,  54.17,52.01,48.135,46.355,20.049]"
620,2,440.968,5,"[69.0,48.0,43.0,22.0,10.0  ,  84.99,69.87,65.995,47.305,24.757]"
630,0,458.279,5,"[35.0,32.0,26.0,24.0,18.0  ,  56.112,53.952,49.302,47.522,36.248]"
630,1,434.157,5,"[31.0,30.0,24.0,21.0,10.0  ,  53.469,52.749,48.099,45.429,24.76]"
630,2,443.25,5,"[48.0,37.0,25.0,20.0,10.0  ,  60.234,52.314,43.014,38.564,19.774]"
640,0,461.29,5,"[48.0,45.0,42.0,37.0,27.0  ,  84.753,82.593,80.268,75.818,57.028]"
640,1,435.084,5,"[31.0,27.0,23.0,21.0,11.0  ,  53.224,50.344,47.244,45.464,26.674]"
640,2,429.835,5,"[40.0,26.0,24.0,15.0,10.0  ,  53.738,43.658,42.108,34.098,24.703]"
650,0,455.891,5,"[40.0,37.0,29.0,22.0,15.0  ,  59.163,57.003,50.803,44.573,31.42]"
650,1,435.004,5,"[33.0,28.0,22.0,20.0,11.0  ,  53.662,50.062,45.412,43.632,26.721]"
650,2,425.147,5,"[34.0,23.0,21.0,16.0,10.0  ,  49.952,42.032,40.482,36.032,24.758]"
660,0,460.776,5,"[39.0,35.0,29.0,23.0,19.0  ,  59.95,57.07,52.42,47.08,39.564]"
660,1,459.034,5,"[44.0,43.0,38.0,36.0,23.0  ,  81.25,80.53,76.655,74.875,50.448]"
660,2,439.751,5,"[40.0,33.0,24.0,17.0,10.0  ,  51.207,46.167,39.192,32.962,19.809]"
670,0,459.974,5,"[44.0,41.0,36.0,31.0,19.0  ,  74.106,71.946,68.071,63.621,41.073]"
670,1,438.539,5,"[35.0,32.0,28.0,25.0,10.0  ,  60.875,58.715,55.615,52.945,24.76]"
670,2,424.986,5,"[44.0,26.0,19.0,12.0,10.0  ,  48.423,35.463,30.038,23.808,20.05]"
680,0,462.993,5,"[45.0,42.0,38.0,31.0,21.0  ,  74.28,72.12,69.02,62.79,44.0]"
680,1,404.268,5,"[22.0,20.0,15.0,14.0,10.0  ,  38.481,37.041,33.166,32.276,24.76]"
680,2,464.992,5,"[42.0,40.0,36.0,32.0,29.0  ,  74.025,72.585,69.485,65.925,60.288]"
690,0,465.222,5,"[40.0,37.0,35.0,33.0,27.0  ,  71.422,69.262,67.712,65.932,54.658]"
690,1,416.545,5,"[25.0,22.0,18.0,16.0,10.0  ,  43.067,40.907,37.807,36.027,24.753]"
690,2,437.329,5,"[40.0,31.0,26.0,20.0,10.0  ,  59.237,52.757,48.882,43.542,24.752]"
700,0,456.371,5,"[44.0,41.0,35.0,31.0,16.0  ,  73.388,71.228,66.578,63.018,34.833]"
700,1,440.504,5,"[32.0,31.0,28.0,27.0,11.0  ,  60.337,59.617,57.292,56.402,26.338]"
700,2,448.304,5,"[49.0,38.0,32.0,23.0,12.0  ,  69.319,61.399,56.749,48.739,28.07]"
710,0,437.846,5,"[33.0,28.0,22.0,16.0,12.0  ,  46.869,43.269,38.619,33.279,25.763]"
710,1,444.831,5,"[33.0,31.0,26.0,24.0,11.0  ,  53.258,51.818,47.943,46.163,21.736]"
710,2,430.632,5,"[39.0,23.0,20.0,16.0,12.0  ,  53.633,42.113,39.788,36.228,28.712]"
720,0,0.0,0,"[41.0,35.0,28.0,28.0,14.0  ,  65.677,61.357,55.932,55.932,29.626]"
720,1,457.527,5,"[36.0,33.0,28.0,26.0,16.0  ,  58.221,56.061,52.186,50.406,31.616]"
720,2,456.981,5,"[43.0,38.0,34.0,26.0,16.0  ,  68.094,64.494,61.394,54.274,35.484]"
730,0,453.576,5,"[37.0,33.0,28.0,19.0,15.0  ,  53.461,50.581,46.706,38.696,31.18]"
730,1,423.436,5,"[25.0,22.0,18.0,15.0,11.0  ,  37.182,35.022,31.922,29.252,21.736]"
730,2,420.954,5,"[32.0,25.0,19.0,12.0,11.0  ,  44.51,39.47,34.82,28.59,26.711]"
740,0,460.706,5,"[50.0,48.0,43.0,30.0,17.0  ,  75.777,74.337,70.462,58.892,34.465]"
740,1,453.762,5,"[52.0,51.0,46.0,45.0,31.0  ,  98.047,97.327,93.452,92.562,66.256]"
740,2,424.534,5,"[30.0,26.0,20.0,15.0,10.0  ,  45.466,42.586,37.936,33.486,24.091]"
750,0,455.289,5,"[39.0,36.0,33.0,27.0,14.0  ,  63.057,60.897,58.572,53.232,28.805]"
750,1,433.898,5,"[28.0,26.0,22.0,20.0,10.0  ,  44.87,43.43,40.33,38.55,19.76]"
750,2,430.084,5,"[32.0,26.0,20.0,14.0,12.0  ,  45.646,41.326,36.676,31.336,27.578]"
760,0,457.638,5,"[42.0,37.0,32.0,25.0,16.0  ,  65.022,61.422,57.547,51.317,34.406]"
760,1,439.453,5,"[31.0,30.0,26.0,23.0,10.0  ,  51.999,51.279,48.179,45.509,21.082]"
760,2,422.409,5,"[30.0,22.0,20.0,14.0,11.0  ,  45.017,39.257,37.707,32.367,26.73]"
770,0,457.429,5,"[36.0,33.0,27.0,20.0,17.0  ,  52.851,50.691,46.041,39.811,34.174]"
770,1,430.178,5,"[27.0,25.0,20.0,19.0,10.0  ,  42.879,41.439,37.564,36.674,19.763]"
770,2,431.851,5,"[40.0,26.0,24.0,16.0,10.0  ,  53.846,43.766,42.216,35.096,23.822]"
780,0,465.77,5,"[45.0,43.0,40.0,31.0,22.0  ,  72.677,71.237,68.912,60.902,43.991]"
780,1,437.794,5,"[31.0,29.0,25.0,23.0,11.0  ,  55.604,54.164,51.064,49.284,26.736]"
780,2,420.48,5,"[41.0,22.0,19.0,14.0,10.0  ,  52.73,39.05,36.725,32.275,24.759]"
790,0,459.702,5,"[46.0,43.0,38.0,29.0,16.0  ,  71.143,68.983,65.108,57.098,32.671]"
790,1,460.033,5,"[43.0,41.0,37.0,35.0,24.0  ,  79.413,77.973,74.873,73.093,52.424]"
790,2,441.749,5,"[48.0,36.0,32.0,25.0,10.0  ,  70.837,62.197,59.097,52.867,24.682]"
800,0,453.082,5,"[43.0,41.0,36.0,26.0,12.0  ,  64.549,63.109,59.234,50.334,24.028]"
800,1,439.876,5,"[29.0,27.0,24.0,21.0,11.0  ,  47.054,45.614,43.289,40.619,21.829]"
800,2,440.696,5,"[48.0,34.0,31.0,16.0,11.0  ,  61.851,51.771,49.446,36.096,26.701]"
810,0,459.793,5,"[40.0,37.0,32.0,23.0,16.0  ,  59.357,57.197,53.322,45.312,32.159]"
810,1,431.605,5,"[30.0,27.0,23.0,21.0,10.0  ,  52.469,50.309,47.209,45.429,24.76]"
810,2,438.087,5,"[65.0,33.0,28.0,13.0,11.0  ,  66.533,43.493,39.618,26.268,22.51]"
820,0,453.241,5,"[45.0,42.0,36.0,31.0,13.0  ,  71.709,69.549,64.899,60.449,26.627]"
820,1,461.54,5,"[41.0,39.0,35.0,32.0,18.0  ,  69.084,67.644,64.544,61.874,35.568]"
820,2,413.829,5,"[37.0,22.0,17.0,12.0,10.0  ,  47.526,36.726,32.851,28.401,24.643]"
830,0,457.341,5,"[44.0,41.0,34.0,19.0,16.0  ,  61.0,58.84,53.415,40.065,34.428]"
830,1,431.696,5,"[29.0,28.0,23.0,21.0,10.0  ,  51.804,51.084,47.209,45.429,24.76]"
830,2,438.252,5,"[53.0,31.0,28.0,20.0,10.0  ,  68.835,52.995,50.67,43.55,24.76]"
840,0,457.422,5,"[51.0,47.0,38.0,29.0,15.0  ,  75.294,72.414,65.439,57.429,31.123]"
840,1,439.762,5,"[31.0,29.0,25.0,23.0,10.0  ,  50.507,49.067,45.967,44.187,19.76]"
840,2,439.689,5,"[47.0,32.0,27.0,21.0,10.0  ,  64.465,53.665,49.79,44.45,23.781]"
850,0,455.313,5,"[45.0,42.0,36.0,27.0,13.0  ,  67.129,64.969,60.319,52.309,26.003]"
850,1,435.504,5,"[29.0,26.0,23.0,21.0,10.0  ,  46.772,44.612,42.287,40.507,19.838]"
850,2,428.247,5,"[40.0,28.0,26.0,12.0,10.0  ,  50.27,41.63,40.08,27.62,23.862]"
860,0,458.633,5,"[55.0,53.0,45.0,34.0,17.0  ,  83.096,81.656,75.456,65.666,33.723]"
860,1,429.509,5,"[27.0,25.0,21.0,18.0,10.0  ,  43.149,41.709,38.609,35.939,20.907]"
860,2,422.165,5,"[35.0,23.0,19.0,13.0,10.0  ,  44.31,35.67,32.57,27.23,21.593]"
870,0,462.698,5,"[49.0,47.0,42.0,36.0,22.0  ,  81.073,79.633,75.758,70.418,44.112]"
870,1,420.937,5,"[25.0,22.0,19.0,16.0,11.0  ,  43.27,41.11,38.785,36.115,26.72]"
870,2,432.183,5,"[42.0,27.0,24.0,14.0,11.0  ,  54.398,43.598,41.273,32.373,26.736]"
880,0,459.458,5,"[43.0,42.0,34.0,23.0,15.0  ,  61.593,60.873,54.673,44.883,29.851]"
880,1,427.468,5,"[28.0,26.0,21.0,19.0,10.0  ,  48.766,47.326,43.451,41.671,24.76]"
880,2,420.178,5,"[40.0,26.0,21.0,11.0,10.0  ,  49.494,39.414,35.539,26.639,24.76]"
890,0,457.512,5,"[58.0,55.0,46.0,32.0,16.0  ,  83.644,81.484,74.509,62.049,31.985]"
890,1,435.94,5,"[30.0,28.0,24.0,21.0,11.0  ,  52.723,51.283,48.183,45.513,26.723]"
890,2,430.038,5,"[39.0,26.0,22.0,13.0,10.0  ,  45.932,36.572,33.472,25.462,19.825]"
900,0,465.484,5,"[53.0,50.0,43.0,32.0,23.0  ,  80.096,77.936,72.511,62.721,45.81]"
900,1,426.364,5,"[27.0,25.0,21.0,19.0,10.0  ,  47.889,46.449,43.349,41.569,24.658]"
900,2,433.0,5,"[40.0,28.0,24.0,17.0,10.0  ,  55.848,47.208,44.108,37.878,24.725]"
910,0,460.967,5,"[45.0,44.0,36.0,26.0,16.0  ,  66.702,65.982,59.782,50.882,32.092]"
910,1,431.179,5,"[29.0,27.0,23.0,20.0,10.0  ,  50.416,48.976,45.876,43.206,24.416]"
910,2,441.823,5,"[45.0,32.0,28.0,16.0,12.0  ,  59.338,49.978,46.878,36.198,28.682]"
920,0,459.65,5,"[55.0,52.0,43.0,28.0,16.0  ,  77.278,75.118,68.143,54.793,32.245]"
920,1,446.292,5,"[32.0,30.0,26.0,23.0,14.0  ,  56.785,55.345,52.245,49.575,32.664]"
920,2,447.693,5,"[47.0,38.0,36.0,24.0,10.0  ,  64.776,58.296,56.746,46.066,19.76]"
930,0,464.767,5,"[43.0,41.0,37.0,25.0,19.0  ,  64.642,63.202,60.102,49.422,38.148]"
930,1,419.492,5,"[26.0,23.0,19.0,16.0,10.0  ,  43.962,41.802,38.702,36.032,24.758]"
930,2,441.237,5,"[60.0,37.0,33.0,20.0,10.0  ,  74.094,57.534,54.434,42.864,24.074]"
940,0,462.706,5,"[55.0,51.0,44.0,31.0,19.0  ,  80.195,77.315,71.89,60.32,37.772]"
940,1,440.514,5,"[32.0,30.0,25.0,23.0,10.0  ,  51.282,49.842,45.967,44.187,19.76]"
940,2,433.649,5,"[50.0,30.0,24.0,14.0,11.0  ,  60.229,45.829,41.179,32.279,26.642]"
950,0,462.277,5,"[52.0,48.0,40.0,26.0,17.0  ,  72.522,69.642,63.442,50.982,34.071]"
950,1,437.322,5,"[30.0,27.0,23.0,21.0,12.0  ,  52.658,50.498,47.398,45.618,28.707]"
950,2,434.497,5,"[42.0,28.0,23.0,16.0,10.0  ,  53.118,43.038,39.163,32.933,21.659]"
960,0,460.569,5,"[52.0,49.0,46.0,33.0,18.0  ,  80.263,78.103,75.778,64.208,36.023]"
960,1,437.817,5,"[31.0,29.0,25.0,23.0,11.0  ,  55.581,54.141,51.041,49.261,26.713]"
960,2,431.703,5,"[53.0,30.0,24.0,15.0,10.0  ,  63.375,46.815,42.165,34.155,24.76]"
970,0,452.544,5,"[55.0,53.0,42.0,34.0,14.0  ,  83.792,82.352,73.827,66.707,29.127]"
970,1,428.47,5,"[27.0,24.0,22.0,18.0,10.0  ,  44.475,42.315,40.765,37.205,22.173]"
970,2,428.624,5,"[45.0,29.0,24.0,13.0,10.0  ,  55.581,44.061,40.186,30.396,24.759]"
980,0,455.54,5,"[41.0,38.0,32.0,27.0,14.0  ,  64.463,62.303,57.653,53.203,28.776]"
980,1,426.444,5,"[26.0,23.0,20.0,17.0,10.0  ,  40.262,38.102,35.777,33.107,19.954]"
980,2,437.448,5,"[47.0,30.0,26.0,16.0,11.0  ,  60.345,48.105,45.005,36.105,26.71]"
990,0,457.768,5,"[48.0,46.0,39.0,31.0,15.0  ,  74.193,72.753,67.328,60.208,30.144]"
990,1,444.886,5,"[31.0,28.0,25.0,22.0,12.0  ,  49.664,47.504,45.179,42.509,23.719]"
990,2,434.626,5,"[45.0,28.0,25.0,18.0,10.0  ,  60.587,48.347,46.022,39.792,24.76]"
1000,0,453.791,5,"[36.0,33.0,28.0,22.0,14.0  ,  54.398,52.238,48.363,43.023,27.991]"
1000,1,458.399,5,"[40.0,38.0,34.0,32.0,20.0  ,  73.27,71.83,68.73,66.95,44.402]"
1000,2,434.273,5,"[41.0,29.0,24.0,18.0,10.0  ,  57.645,49.005,45.13,39.79,24.758]"
1010,0,459.881,5,"[42.0,40.0,33.0,25.0,16.0  ,  63.571,62.131,56.706,49.586,32.675]"
1010,1,436.772,5,"[31.0,28.0,24.0,22.0,11.0  ,  54.206,52.046,48.946,47.166,26.497]"
1010,2,434.642,5,"[44.0,29.0,24.0,17.0,10.0  ,  57.811,47.011,43.136,36.906,23.753]"
1020,0,459.42,5,"[48.0,46.0,42.0,30.0,16.0  ,  74.058,72.618,69.518,58.838,32.532]"
1020,1,447.569,5,"[58.0,56.0,52.0,50.0,36.0  ,  108.762,107.322,104.222,102.442,76.136]"
1020,2,431.923,5,"[54.0,31.0,26.0,14.0,10.0  ,  63.391,46.831,42.956,32.276,24.76]"
1030,0,457.304,5,"[38.0,36.0,30.0,25.0,15.0  ,  59.4,57.96,53.31,48.86,30.07]"
1030,1,439.477,5,"[33.0,30.0,26.0,24.0,11.0  ,  58.194,56.034,52.934,51.154,26.727]"
1030,2,440.298,5,"[52.0,34.0,29.0,16.0,10.0  ,  60.928,47.968,44.093,32.523,21.249]"
1040,0,465.898,5,"[57.0,55.0,46.0,26.0,22.0  ,  77.733,76.293,69.318,51.518,44.002]"
1040,1,439.085,5,"[29.0,27.0,23.0,21.0,11.0  ,  46.964,45.524,42.424,40.644,21.854]"
1040,2,435.031,5,"[55.0,34.0,28.0,15.0,10.0  ,  65.495,50.375,45.725,34.155,24.76]"
1050,0,454.956,5,"[53.0,50.0,41.0,21.0,13.0  ,  68.109,65.949,58.974,41.174,26.142]"
1050,1,430.246,5,"[29.0,26.0,23.0,20.0,10.0  ,  50.705,48.545,46.22,43.55,24.76]"
1050,2,438.862,5,"[46.0,32.0,29.0,17.0,10.0  ,  59.562,49.482,47.157,36.477,23.324]"
1060,0,458.552,5,"[45.0,41.0,35.0,28.0,15.0  ,  68.414,65.534,60.884,54.654,30.227]"
1060,1,437.866,5,"[30.0,27.0,25.0,21.0,10.0  ,  47.884,45.724,44.174,40.614,19.945]"
1060,2,430.866,5,"[48.0,29.0,25.0,14.0,10.0  ,  58.846,45.166,42.066,32.276,24.76]"
1070,0,456.91,5,"[53.0,50.0,41.0,32.0,15.0  ,  79.173,77.013,70.038,62.028,30.085]"
1070,1,423.273,5,"[26.0,24.0,20.0,18.0,10.0  ,  46.065,44.625,41.525,39.745,24.713]"
1070,2,436.838,5,"[55.0,36.0,31.0,15.0,10.0  ,  65.591,51.911,48.036,33.796,24.401]"
1080,0,457.017,5,"[41.0,39.0,34.0,20.0,15.0  ,  58.523,57.083,53.208,40.748,31.353]"
1080,1,438.421,5,"[30.0,28.0,25.0,22.0,10.0  ,  49.118,47.678,45.353,42.683,20.135]"
1080,2,439.335,5,"[56.0,32.0,26.0,16.0,10.0  ,  62.097,44.817,40.167,31.267,19.993]"
1090,0,449.382,5,"[39.0,35.0,27.0,17.0,13.0  ,  51.846,48.966,42.766,33.866,26.35]"
1090,1,438.664,5,"[29.0,26.0,23.0,21.0,13.0  ,  51.985,49.825,47.5,45.72,30.688]"
1090,2,438.292,5,"[61.0,31.0,28.0,17.0,10.0  ,  69.04,47.44,45.115,35.325,22.172]"
1100,0,457.578,5,"[37.0,33.0,29.0,26.0,16.0  ,  59.581,56.701,53.601,50.931,32.141]"
1100,1,427.228,5,"[27.0,25.0,22.0,19.0,10.0  ,  48.106,46.666,44.341,41.671,24.76]"
1100,2,427.425,5,"[45.0,26.0,23.0,13.0,10.0  ,  54.156,40.476,38.151,29.251,23.614]"
1110,0,454.258,5,"[47.0,42.0,34.0,24.0,13.0  ,  66.573,62.973,56.773,47.873,27.204]"
1110,1,437.592,5,"[30.0,27.0,24.0,22.0,10.0  ,  48.573,46.413,44.088,42.308,19.76]"
1110,2,440.708,5,"[54.0,32.0,28.0,16.0,10.0  ,  60.671,44.831,41.731,31.051,19.777]"
1120,0,450.593,5,"[34.0,32.0,23.0,19.0,15.0  ,  49.738,48.298,41.323,37.763,30.247]"
1120,1,431.892,5,"[29.0,26.0,24.0,21.0,10.0  ,  51.266,49.106,47.556,44.886,24.217]"
1120,2,432.175,5,"[51.0,30.0,26.0,14.0,10.0  ,  60.756,45.636,42.536,31.856,24.34]"
1130,0,459.463,5,"[48.0,45.0,35.0,29.0,16.0  ,  72.279,70.119,62.369,57.029,32.602]"
1130,1,434.762,5,"[31.0,29.0,25.0,23.0,10.0  ,  55.507,54.067,50.967,49.187,24.76]"
1130,2,439.054,5,"[52.0,33.0,28.0,15.0,10.0  ,  59.231,45.551,41.676,30.106,20.711]"
1140,0,461.892,5,"[40.0,38.0,31.0,23.0,18.0  ,  59.947,58.507,53.082,45.962,36.567]"
1140,1,424.919,5,"[27.0,24.0,21.0,18.0,10.0  ,  46.946,44.786,42.461,39.791,24.759]"
1140,2,433.025,5,"[49.0,29.0,24.0,16.0,10.0  ,  61.045,46.645,42.77,35.65,24.376]"
1150,0,451.729,5,"[42.0,39.0,33.0,25.0,12.0  ,  63.261,61.101,56.451,49.331,24.904]"
1150,1,438.615,5,"[29.0,26.0,23.0,21.0,11.0  ,  46.791,44.631,42.306,40.526,21.736]"
1150,2,460.231,5,"[61.0,40.0,36.0,25.0,20.0  ,  81.924,66.804,63.704,53.914,44.519]"
1160,0,456.763,5,"[45.0,43.0,37.0,28.0,14.0  ,  68.86,67.42,62.77,54.76,28.454]"
1160,1,433.236,5,"[28.0,25.0,22.0,20.0,10.0  ,  44.817,42.657,40.332,38.552,19.762]"
1160,2,431.301,5,"[44.0,30.0,25.0,14.0,10.0  ,  56.021,45.941,42.066,32.276,24.76]"
1170,0,451.405,5,"[44.0,42.0,34.0,19.0,12.0  ,  58.697,57.257,51.057,37.707,24.554]"
1170,1,433.875,5,"[30.0,28.0,25.0,22.0,10.0  ,  53.664,52.224,49.899,47.229,24.681]"
1170,2,434.724,5,"[48.0,33.0,27.0,15.0,10.0  ,  60.283,49.483,44.833,34.153,24.758]"
1180,0,457.066,5,"[42.0,39.0,31.0,19.0,15.0  ,  56.792,54.632,48.432,37.752,30.236]"
1180,1,418.069,5,"[24.0,22.0,19.0,17.0,10.0  ,  43.457,42.017,39.692,37.912,24.759]"
1180,2,435.925,5,"[57.0,32.0,27.0,13.0,10.0  ,  59.733,41.733,37.858,25.398,19.761]"
1190,0,449.637,5,"[38.0,36.0,27.0,18.0,13.0  ,  52.736,51.296,44.321,36.311,26.916]"
1190,1,449.516,5,"[35.0,32.0,29.0,26.0,12.0  ,  57.173,55.013,52.688,50.018,23.712]"
1190,2,439.228,5,"[64.0,37.0,34.0,18.0,10.0  ,  75.797,56.357,54.032,39.792,24.76]"
1200,0,450.722,5,"[35.0,34.0,29.0,18.0,13.0  ,  49.594,48.874,44.999,35.209,25.814]"
1200,1,434.296,5,"[31.0,28.0,25.0,23.0,10.0  ,  55.452,53.292,50.967,49.187,24.76]"
1200,2,434.709,5,"[56.0,33.0,28.0,15.0,10.0  ,  66.159,49.599,45.724,34.154,24.759]"
1210,0,458.631,5,"[38.0,36.0,30.0,29.0,17.0  ,  64.314,62.874,58.224,57.334,34.786]"
1210,1,429.435,5,"[27.0,24.0,21.0,19.0,10.0  ,  44.026,41.866,39.541,37.761,20.85]"
1210,2,437.943,5,"[57.0,33.0,28.0,16.0,10.0  ,  65.681,48.401,44.526,33.846,22.572]"
1220,0,459.24,5,"[39.0,37.0,31.0,23.0,16.0  ,  58.718,57.278,52.628,45.508,32.355]"
1220,1,426.886,5,"[26.0,24.0,20.0,19.0,11.0  ,  47.176,45.736,42.636,41.746,26.714]"
1220,2,436.345,5,"[56.0,31.0,26.0,14.0,10.0  ,  60.248,42.248,38.373,27.693,20.177]"
1230,0,455.653,5,"[39.0,37.0,33.0,23.0,14.0  ,  59.34,57.9,54.8,45.9,28.989]"
1230,1,465.486,5,"[44.0,41.0,37.0,35.0,25.0  ,  75.235,73.075,69.975,68.195,49.405]"
1230,2,434.121,5,"[51.0,33.0,29.0,14.0,10.0  ,  61.682,48.722,45.622,32.272,24.756]"
1240,0,456.58,5,"[46.0,44.0,36.0,26.0,14.0  ,  68.134,66.694,60.494,51.594,29.046]"
1240,1,430.247,5,"[29.0,26.0,23.0,20.0,10.0  ,  50.705,48.545,46.22,43.55,24.76]"
1240,2,443.737,5,"[58.0,39.0,34.0,17.0,10.0  ,  66.176,52.496,48.621,33.491,20.338]"
1250,0,454.102,5,"[36.0,32.0,25.0,19.0,16.0  ,  51.497,48.617,43.192,37.852,32.215]"
1250,1,446.416,5,"[32.0,29.0,26.0,23.0,12.0  ,  51.536,49.376,47.051,44.381,23.712]"
1250,2,434.272,5,"[50.0,31.0,27.0,15.0,10.0  ,  61.395,47.715,44.615,33.935,24.54]"
1260,0,457.808,5,"[38.0,34.0,31.0,27.0,16.0  ,  62.172,59.292,56.967,53.407,32.738]"
1260,1,433.726,5,"[29.0,25.0,22.0,20.0,10.0  ,  45.535,42.655,40.33,38.55,19.76]"
1260,2,434.432,5,"[53.0,30.0,25.0,13.0,10.0  ,  56.512,39.952,36.077,25.397,19.76]"
1270,0,458.124,5,"[47.0,45.0,39.0,32.0,16.0  ,  75.339,73.899,69.249,63.019,32.955]"
1270,1,437.591,5,"[30.0,27.0,24.0,22.0,10.0  ,  48.574,46.414,44.089,42.309,19.761]"
1270,2,437.511,5,"[55.0,34.0,29.0,16.0,10.0  ,  65.66,50.54,46.665,35.095,23.821]"
1280,0,463.5,5,"[46.0,42.0,32.0,28.0,19.0  ,  69.2,66.32,58.57,55.01,38.099]"
1280,1,449.602,5,"[34.0,31.0,27.0,26.0,15.0  ,  61.266,59.106,56.006,55.116,34.447]"
1280,2,436.83,5,"[63.0,36.0,31.0,16.0,10.0  ,  72.699,53.259,49.384,36.034,24.76]"
1290,0,456.574,5,"[38.0,35.0,27.0,22.0,16.0  ,  57.016,54.856,48.656,44.206,32.932]"
1290,1,431.825,5,"[30.0,27.0,23.0,22.0,10.0  ,  53.458,51.298,48.198,47.308,24.76]"
1290,2,435.471,5,"[55.0,34.0,29.0,15.0,10.0  ,  65.578,50.458,46.583,34.123,24.728]"
1300,0,459.729,5,"[37.0,35.0,30.0,28.0,17.0  ,  61.472,60.032,56.157,54.377,33.708]"
1300,1,424.918,5,"[27.0,24.0,21.0,18.0,10.0  ,  46.947,44.787,42.462,39.792,24.76]"
1300,2,437.014,5,"[58.0,34.0,31.0,16.0,10.0  ,  68.943,51.663,49.338,35.988,24.714]"
1310,0,458.173,5,"[42.0,40.0,30.0,24.0,15.0  ,  61.498,60.058,52.308,46.968,30.057]"
1310,1,435.68,5,"[30.0,26.0,23.0,20.0,10.0  ,  46.425,43.545,41.22,38.55,19.76]"
1310,2,434.834,5,"[55.0,36.0,30.0,14.0,10.0  ,  64.833,51.153,46.503,32.263,24.747]"
1320,0,462.554,5,"[45.0,42.0,38.0,27.0,17.0  ,  67.668,65.508,62.408,52.618,33.828]"
1320,1,433.279,5,"[29.0,26.0,23.0,20.0,11.0  ,  50.802,48.642,46.317,43.647,26.736]"
1320,2,435.521,5,"[50.0,33.0,29.0,15.0,10.0  ,  61.955,49.715,46.615,34.155,24.76]"
1330,0,452.45,5,"[32.0,30.0,25.0,22.0,16.0  ,  52.479,51.039,47.164,44.494,33.22]"
1330,1,440.704,5,"[32.0,29.0,26.0,23.0,10.0  ,  51.342,49.182,46.857,44.187,19.76]"
1330,2,436.927,5,"[55.0,34.0,30.0,16.0,10.0  ,  66.714,51.594,48.494,36.034,24.76]"
1340,0,455.174,5,"[45.0,42.0,37.0,25.0,13.0  ,  65.853,63.693,59.818,49.138,26.59]"
1340,1,428.013,5,"[27.0,23.0,20.0,18.0,10.0  ,  41.777,38.897,36.572,34.792,19.76]"
1340,2,435.031,5,"[53.0,31.0,27.0,16.0,10.0  ,  64.745,48.905,45.805,36.015,24.741]"
1350,0,443.36,5,"[32.0,29.0,21.0,18.0,14.0  ,  48.113,45.953,39.753,37.083,29.567]"
1350,1,435.233,5,"[29.0,26.0,23.0,20.0,10.0  ,  45.718,43.558,41.233,38.563,19.773]"
1350,2,437.652,5,"[47.0,34.0,31.0,16.0,10.0  ,  61.069,51.709,49.384,36.034,24.76]"
1360,0,450.112,5,"[40.0,36.0,30.0,24.0,12.0  ,  60.72,57.84,53.19,47.85,25.302]"
1360,1,439.119,5,"[31.0,28.0,25.0,22.0,10.0  ,  49.524,47.364,45.039,42.369,19.821]"
1360,2,434.949,5,"[56.0,34.0,28.0,15.0,10.0  ,  66.214,50.374,45.724,34.154,24.759]"
1370,0,458.227,5,"[39.0,37.0,28.0,21.0,16.0  ,  56.006,54.566,47.591,41.361,31.966]"
1370,1,434.687,5,"[29.0,26.0,23.0,21.0,10.0  ,  47.59,45.43,43.105,41.325,20.656]"
1370,2,436.042,5,"[49.0,33.0,29.0,15.0,10.0  ,  60.756,49.236,46.136,33.676,24.281]"
1380,0,458.793,5,"[48.0,46.0,40.0,29.0,15.0  ,  72.154,70.714,66.064,56.274,29.968]"
1380,1,446.885,5,"[35.0,32.0,29.0,26.0,13.0  ,  62.27,60.11,57.785,55.115,30.688]"
1380,2,432.732,5,"[47.0,32.0,26.0,14.0,10.0  ,  58.258,47.458,42.808,32.128,24.612]"
1390,0,454.305,5,"[44.0,41.0,33.0,22.0,13.0  ,  61.862,59.702,53.502,43.712,26.801]"
1390,1,438.582,5,"[31.0,28.0,25.0,22.0,10.0  ,  50.062,47.902,45.577,42.907,20.359]"
1390,2,432.506,5,"[51.0,30.0,25.0,15.0,10.0  ,  62.05,46.93,43.055,34.155,24.76]"
1400,0,461.986,5,"[37.0,35.0,30.0,24.0,19.0  ,  58.517,57.077,53.202,47.862,38.467]"
1400,1,441.427,5,"[32.0,29.0,26.0,23.0,12.0  ,  56.525,54.365,52.04,49.37,28.701]"
1400,2,434.658,5,"[46.0,29.0,24.0,14.0,10.0  ,  52.854,40.614,36.739,27.839,20.323]"
1410,0,460.445,5,"[36.0,34.0,28.0,23.0,18.0  ,  55.708,54.268,49.618,45.168,35.773]"
1410,1,440.959,5,"[29.0,26.0,23.0,20.0,12.0  ,  45.899,43.739,41.414,38.744,23.712]"
1410,2,435.071,5,"[47.0,32.0,26.0,16.0,10.0  ,  60.384,49.584,44.934,36.034,24.76]"
1420,0,456.447,5,"[36.0,35.0,29.0,23.0,15.0  ,  55.872,55.152,50.502,45.162,30.13]"
1420,1,439.296,5,"[31.0,28.0,25.0,23.0,10.0  ,  50.453,48.293,45.968,44.188,19.761]"
1420,2,435.775,5,"[47.0,29.0,23.0,15.0,10.0  ,  53.906,40.946,36.296,29.176,19.781]"
1430,0,459.063,5,"[41.0,38.0,28.0,24.0,16.0  ,  60.283,58.123,50.373,46.813,31.781]"
1430,1,433.377,5,"[28.0,25.0,21.0,19.0,11.0  ,  45.272,43.112,40.012,38.232,23.2]"
1430,2,431.846,5,"[41.0,30.0,24.0,15.0,10.0  ,  54.735,46.815,42.165,34.155,24.76]"
1440,0,457.809,5,"[42.0,39.0,33.0,27.0,15.0  ,  65.405,63.245,58.595,53.255,30.707]"
1440,1,439.282,5,"[31.0,28.0,25.0,23.0,10.0  ,  50.467,48.307,45.982,44.202,19.775]"
1440,2,443.19,5,"[57.0,36.0,31.0,17.0,10.0  ,  64.559,49.439,45.564,33.104,19.951]"
1450,0,441.493,5,"[31.0,28.0,22.0,21.0,13.0  ,  51.663,49.503,44.853,43.963,28.931]"
1450,1,440.297,5,"[30.0,27.0,24.0,22.0,11.0  ,  48.997,46.837,44.512,42.732,22.063]"
1450,2,432.6,5,"[49.0,32.0,24.0,15.0,10.0  ,  60.604,48.364,42.164,34.154,24.759]"
1460,0,448.527,5,"[33.0,31.0,22.0,20.0,15.0  ,  50.925,49.485,42.51,40.73,31.335]"
1460,1,428.241,5,"[28.0,25.0,22.0,20.0,10.0  ,  49.812,47.652,45.327,43.547,24.757]"
1460,2,435.659,5,"[47.0,35.0,28.0,15.0,10.0  ,  59.788,51.148,45.723,34.153,24.758]"
1470,0,452.842,5,"[39.0,37.0,28.0,21.0,13.0  ,  55.526,54.086,47.111,40.881,25.849]"
1470,1,429.918,5,"[27.0,24.0,21.0,18.0,10.0  ,  41.947,39.787,37.462,34.792,19.76]"
1470,2,433.25,5,"[47.0,31.0,25.0,15.0,10.0  ,  58.992,47.472,42.822,33.922,24.527]"
1480,0,452.301,5,"[38.0,35.0,28.0,19.0,14.0  ,  54.209,52.049,46.624,38.614,29.219]"
1480,1,439.121,5,"[31.0,28.0,25.0,22.0,10.0  ,  49.522,47.362,45.037,42.367,19.819]"
1480,2,434.268,5,"[48.0,29.0,25.0,13.0,10.0  ,  52.857,39.177,36.077,25.397,19.76]"
1490,0,448.101,5,"[35.0,34.0,22.0,17.0,15.0  ,  49.482,48.762,39.462,35.012,31.254]"
1490,1,425.524,5,"[27.0,24.0,21.0,19.0,10.0  ,  47.936,45.776,43.451,41.671,24.76]"
1490,2,432.967,5,"[51.0,32.0,27.0,14.0,10.0  ,  61.401,47.721,43.846,32.276,24.76]"
1500,0,449.761,5,"[38.0,36.0,30.0,19.0,13.0  ,  55.779,54.339,49.689,39.899,28.625]"
1500,1,439.934,5,"[33.0,30.0,27.0,25.0,11.0  ,  59.307,57.147,54.822,53.042,26.736]"
1500,2,430.956,5,"[52.0,29.0,25.0,14.0,10.0  ,  61.453,44.893,41.793,32.003,24.487]"
1510,0,451.147,5,"[36.0,35.0,28.0,23.0,13.0  ,  56.513,55.793,50.368,45.918,27.128]"
1510,1,441.96,5,"[33.0,30.0,27.0,24.0,10.0  ,  53.228,51.068,48.743,46.073,19.767]"
1510,2,438.419,5,"[50.0,32.0,28.0,14.0,10.0  ,  55.86,42.9,39.8,27.34,19.824]"
1520,0,453.204,5,"[41.0,37.0,31.0,19.0,13.0  ,  55.41,52.53,47.88,37.2,25.926]"
1520,1,435.404,5,"[30.0,27.0,24.0,21.0,11.0  ,  52.681,50.521,48.196,45.526,26.736]"
1520,2,433.159,5,"[50.0,30.0,26.0,15.0,10.0  ,  61.444,47.044,43.944,34.154,24.759]"
1530,0,449.915,5,"[53.0,50.0,45.0,33.0,12.0  ,  80.307,78.147,74.272,63.592,24.133]"
1530,1,435.253,5,"[29.0,26.0,23.0,20.0,11.0  ,  48.827,46.667,44.342,41.672,24.761]"
1530,2,437.514,5,"[55.0,34.0,29.0,17.0,10.0  ,  67.585,52.465,48.59,37.91,24.757]"
1540,0,449.257,5,"[42.0,39.0,33.0,17.0,12.0  ,  55.359,53.199,48.549,34.309,24.914]"
1540,1,434.482,5,"[31.0,28.0,25.0,22.0,10.0  ,  54.162,52.002,49.677,47.007,24.459]"
1540,2,431.301,5,"[47.0,30.0,25.0,14.0,10.0  ,  58.181,45.941,42.066,32.276,24.76]"
1550,0,459.527,5,"[39.0,37.0,30.0,23.0,16.0  ,  58.011,56.571,51.146,44.916,31.763]"
1550,1,438.501,5,"[31.0,28.0,24.0,22.0,10.0  ,  49.348,47.188,44.088,42.308,19.76]"
1550,2,436.381,5,"[54.0,35.0,31.0,15.0,10.0  ,  65.175,51.495,48.395,34.155,24.76]"
1560,0,450.14,5,"[41.0,37.0,29.0,22.0,12.0  ,  59.107,56.227,50.027,43.797,25.007]"
1560,1,448.406,5,"[30.0,28.0,24.0,23.0,14.0  ,  50.007,48.567,45.467,44.577,27.666]"
1560,2,429.232,5,"[46.0,27.0,24.0,14.0,10.0  ,  57.181,43.501,41.176,32.276,24.76]"
1570,0,453.965,5,"[36.0,33.0,27.0,19.0,15.0  ,  51.602,49.442,44.792,37.672,30.156]"
1570,1,427.037,5,"[28.0,24.0,22.0,19.0,10.0  ,  48.77,45.89,44.34,41.67,24.759]"
1570,2,440.831,5,"[56.0,33.0,28.0,16.0,10.0  ,  62.161,45.601,41.726,31.046,19.772]"
1580,0,455.137,5,"[37.0,36.0,29.0,23.0,14.0  ,  56.355,55.635,50.21,44.87,27.959]"
1580,1,437.256,5,"[31.0,28.0,25.0,22.0,11.0  ,  54.517,52.357,50.032,47.362,26.693]"
1580,2,429.906,5,"[46.0,29.0,26.0,13.0,10.0  ,  56.532,44.292,41.967,30.397,24.76]"
1590,0,443.176,5,"[35.0,32.0,26.0,18.0,11.0  ,  49.519,47.359,42.709,35.589,22.436]"
1590,1,458.146,5,"[38.0,35.0,32.0,30.0,20.0  ,  69.575,67.415,65.09,63.31,44.52]"
1590,2,434.786,5,"[51.0,32.0,28.0,15.0,10.0  ,  62.505,48.825,45.725,34.155,24.76]"
1600,0,454.05,5,"[43.0,41.0,34.0,24.0,13.0  ,  63.782,62.342,56.917,48.017,27.348]"
1600,1,464.345,5,"[44.0,42.0,39.0,37.0,25.0  ,  77.493,76.053,73.728,71.948,49.4]"
1600,2,436.457,5,"[46.0,29.0,26.0,14.0,10.0  ,  52.567,40.327,38.002,27.322,19.806]"
1610,0,452.025,5,"[42.0,39.0,32.0,23.0,12.0  ,  60.697,58.537,53.112,45.102,24.433]"
1610,1,439.146,5,"[30.0,27.0,24.0,21.0,11.0  ,  48.938,46.778,44.453,41.783,22.993]"
1610,2,456.926,5,"[63.0,40.0,35.0,22.0,17.0  ,  79.566,63.006,59.131,47.561,38.166]"
1620,0,458.763,5,"[42.0,39.0,33.0,26.0,15.0  ,  63.676,61.516,56.866,50.636,29.967]"
1620,1,440.704,5,"[32.0,29.0,26.0,23.0,10.0  ,  51.342,49.182,46.857,44.187,19.76]"
1620,2,437.682,5,"[49.0,33.0,29.0,17.0,10.0  ,  63.167,51.647,48.547,37.867,24.714]"
1630,0,458.57,5,"[52.0,50.0,44.0,28.0,15.0  ,  74.789,73.349,68.699,54.459,30.032]"
1630,1,441.967,5,"[33.0,30.0,27.0,24.0,10.0  ,  53.221,51.061,48.736,46.066,19.76]"
1630,2,434.431,5,"[56.0,32.0,28.0,15.0,10.0  ,  66.105,48.825,45.725,34.155,24.76]"
1640,0,454.268,5,"[42.0,39.0,31.0,24.0,13.0  ,  61.555,59.395,53.195,46.965,26.296]"
1640,1,440.323,5,"[31.0,29.0,26.0,23.0,10.0  ,  50.663,49.223,46.898,44.228,19.801]"
1640,2,436.396,5,"[52.0,34.0,27.0,14.0,10.0  ,  59.261,46.301,40.876,29.306,21.79]"
1650,0,457.268,5,"[48.0,46.0,39.0,35.0,16.0  ,  78.206,76.766,71.341,67.781,32.08]"
1650,1,428.256,5,"[28.0,25.0,22.0,20.0,10.0  ,  49.797,47.637,45.312,43.532,24.742]"
1650,2,439.142,5,"[47.0,31.0,27.0,15.0,10.0  ,  54.463,42.943,39.843,29.163,19.768]"
1660,0,453.618,5,"[48.0,46.0,40.0,24.0,12.0  ,  66.819,65.379,60.729,46.489,23.941]"
1660,1,440.002,5,"[33.0,30.0,27.0,24.0,11.0  ,  58.315,56.155,53.83,51.16,26.733]"
1660,2,433.226,5,"[51.0,32.0,27.0,14.0,10.0  ,  61.142,47.462,43.587,32.017,24.501]"
1670,0,452.854,5,"[43.0,41.0,35.0,25.0,12.0  ,  63.698,62.258,57.608,48.708,24.281]"
1670,1,438.917,5,"[30.0,28.0,24.0,22.0,12.0  ,  53.733,52.293,49.193,47.413,28.623]"
1670,2,433.409,5,"[47.0,29.0,25.0,16.0,10.0  ,  60.072,47.112,44.012,36.002,24.728]"
1680,0,460.191,5,"[47.0,44.0,39.0,30.0,16.0  ,  72.174,70.014,66.139,58.129,31.823]"
1680,1,454.706,5,"[37.0,33.0,30.0,27.0,14.0  ,  60.022,57.142,54.817,52.147,27.72]"
1680,2,430.897,5,"[47.0,30.0,27.0,13.0,10.0  ,  57.361,45.121,42.796,30.336,24.699]"
1690,0,443.389,5,"[32.0,28.0,23.0,17.0,13.0  ,  45.676,42.796,38.921,33.581,26.065]"
1690,1,454.509,5,"[36.0,33.0,30.0,27.0,17.0  ,  64.537,62.377,60.052,57.382,38.592]"
1690,2,438.287,5,"[52.0,35.0,30.0,17.0,10.0  ,  65.596,53.356,49.481,37.911,24.758]"
1700,0,448.998,5,"[37.0,33.0,27.0,23.0,13.0  ,  58.413,55.533,50.883,47.323,28.533]"
1700,1,440.725,5,"[32.0,29.0,26.0,24.0,10.0  ,  52.331,50.171,47.846,46.066,19.76]"
1700,2,436.091,5,"[49.0,30.0,25.0,14.0,10.0  ,  54.775,41.095,37.22,27.43,19.914]"
1710,0,452.847,5,"[38.0,37.0,31.0,22.0,13.0  ,  57.302,56.582,51.932,43.922,27.011]"
1710,1,438.469,5,"[31.0,27.0,24.0,21.0,12.0  ,  53.497,50.617,48.292,45.622,28.711]"
1710,2,451.341,5,"[55.0,36.0,31.0,18.0,15.0  ,  69.402,55.722,51.847,40.277,34.64]"
1720,0,449.318,5,"[36.0,34.0,28.0,25.0,12.0  ,  57.548,56.108,51.458,48.788,24.361]"
1720,1,439.037,5,"[33.0,29.0,26.0,23.0,11.0  ,  57.157,54.277,51.952,49.282,26.734]"
1720,2,439.152,5,"[45.0,31.0,27.0,15.0,10.0  ,  53.024,42.944,39.844,29.164,19.769]"
1730,0,454.363,5,"[34.0,33.0,28.0,24.0,15.0  ,  56.022,55.302,51.427,47.867,30.956]"
1730,1,437.329,5,"[31.0,28.0,25.0,23.0,11.0  ,  55.549,53.389,51.064,49.284,26.736]"
1730,2,442.23,5,"[49.0,33.0,30.0,18.0,10.0  ,  60.84,49.32,46.995,36.315,21.283]"
1740,0,460.674,5,"[52.0,47.0,41.0,28.0,16.0  ,  74.179,70.579,65.929,54.359,31.811]"
1740,1,343.899,4,"[33.0,30.0,26.0,24.0,10.0  ,  55.818,53.658,50.558,48.778,22.472]"
1740,2,433.896,5,"[64.0,33.0,28.0,15.0,10.0  ,  71.919,49.599,45.724,34.154,24.759]"
1750,0,452.568,5,"[40.0,38.0,32.0,18.0,13.0  ,  54.205,52.765,48.115,35.655,26.26]"
1750,1,442.752,5,"[34.0,31.0,28.0,26.0,10.0  ,  56.187,54.027,51.702,49.922,19.858]"
1750,2,439.09,5,"[51.0,33.0,28.0,20.0,10.0  ,  67.385,54.425,50.55,43.43,24.64]"
1760,0,458.489,5,"[45.0,41.0,33.0,28.0,15.0  ,  67.917,65.037,58.837,54.387,29.96]"
1760,1,437.416,5,"[30.0,27.0,24.0,22.0,10.0  ,  48.749,46.589,44.264,42.484,19.936]"
1760,2,437.243,5,"[56.0,34.0,29.0,14.0,10.0  ,  62.1,46.26,42.385,29.035,21.519]"
1770,0,435.919,5,"[29.0,24.0,21.0,19.0,12.0  ,  45.921,42.321,39.996,38.216,25.063]"
1770,1,431.607,5,"[30.0,27.0,23.0,21.0,10.0  ,  52.468,50.308,47.208,45.428,24.759]"
1770,2,435.58,5,"[48.0,32.0,27.0,16.0,10.0  ,  61.218,49.698,45.823,36.033,24.759]"
1780,0,452.639,5,"[44.0,43.0,31.0,18.0,13.0  ,  57.403,56.683,47.383,35.813,26.418]"
1780,1,437.303,5,"[30.0,27.0,24.0,21.0,10.0  ,  47.652,45.492,43.167,40.497,19.828]"
1780,2,443.742,5,"[51.0,34.0,29.0,15.0,11.0  ,  57.828,45.588,41.713,29.253,21.737]"
1790,0,464.528,5,"[43.0,39.0,34.0,24.0,20.0  ,  64.075,61.195,57.32,48.42,40.904]"
1790,1,438.388,5,"[31.0,28.0,24.0,22.0,10.0  ,  49.46,47.3,44.2,42.42,19.872]"
1790,2,435.565,5,"[49.0,30.0,24.0,14.0,10.0  ,  54.506,40.826,36.176,27.276,19.76]"
1800,0,456.223,5,"[46.0,44.0,37.0,30.0,14.0  ,  71.428,69.988,64.563,58.333,28.269]"
1800,1,430.246,5,"[29.0,26.0,23.0,20.0,10.0  ,  50.705,48.545,46.22,43.55,24.76]"
1800,2,430.976,5,"[43.0,29.0,25.0,14.0,10.0  ,  55.133,45.053,41.953,32.163,24.647]"
1810,0,454.998,5,"[38.0,36.0,29.0,22.0,14.0  ,  56.252,54.812,49.387,43.157,28.125]"
1810,1,423.227,5,"[26.0,24.0,20.0,18.0,10.0  ,  46.111,44.671,41.571,39.791,24.759]"
1810,2,433.109,5,"[49.0,32.0,27.0,14.0,10.0  ,  59.911,47.671,43.796,32.226,24.71]"
1820,0,0.0,0,"[36.0,36.0,29.0,25.0,18.0  ,  58.066,58.066,52.641,49.081,35.928]"
1820,1,443.239,5,"[34.0,31.0,27.0,25.0,12.0  ,  60.179,58.019,54.919,53.139,28.712]"
1820,2,436.914,5,"[60.0,32.0,28.0,16.0,10.0  ,  68.247,48.087,44.987,34.307,23.033]"
1830,0,460.79,5,"[47.0,42.0,36.0,26.0,16.0  ,  68.171,64.571,59.921,51.021,32.231]"
1830,1,430.246,5,"[29.0,26.0,23.0,20.0,10.0  ,  50.705,48.545,46.22,43.55,24.76]"
1830,2,436.164,5,"[45.0,31.0,27.0,14.0,10.0  ,  53.671,43.591,40.491,28.921,21.405]"
1840,0,454.974,5,"[40.0,38.0,33.0,23.0,13.0  ,  58.821,57.381,53.506,44.606,25.816]"
1840,1,426.07,5,"[28.0,24.0,21.0,19.0,10.0  ,  48.656,45.776,43.451,41.671,24.76]"
1840,2,438.513,5,"[47.0,33.0,28.0,16.0,10.0  ,  58.501,48.421,44.546,33.866,22.592]"
1850,0,453.799,5,"[40.0,39.0,32.0,27.0,13.0  ,  63.367,62.647,57.222,52.772,26.466]"
1850,1,453.822,5,"[33.0,30.0,27.0,25.0,15.0  ,  54.8,52.64,50.315,48.535,29.745]"
1850,2,440.82,5,"[57.0,33.0,29.0,16.0,10.0  ,  63.325,46.045,42.945,31.375,20.101]"
1860,0,455.09,5,"[39.0,36.0,31.0,22.0,14.0  ,  57.887,55.727,51.852,43.842,28.81]"
1860,1,432.391,5,"[30.0,27.0,24.0,21.0,10.0  ,  52.564,50.404,48.079,45.409,24.74]"
1860,2,438.425,5,"[39.0,30.0,26.0,16.0,10.0  ,  50.177,43.697,40.597,31.697,20.423]"
1870,0,458.567,5,"[48.0,46.0,40.0,33.0,16.0  ,  76.221,74.781,70.131,63.901,31.958]"
1870,1,432.186,5,"[27.0,25.0,22.0,19.0,10.0  ,  43.148,41.708,39.383,36.713,19.802]"
1870,2,439.305,5,"[49.0,29.0,26.0,17.0,10.0  ,  58.204,43.804,41.479,33.469,20.316]"
1880,0,467.728,5,"[50.0,46.0,35.0,28.0,24.0  ,  72.974,70.094,61.569,55.339,47.823]"
1880,1,438.793,5,"[30.0,28.0,25.0,22.0,10.0  ,  48.746,47.306,44.981,42.311,19.763]"
1880,2,438.744,5,"[51.0,32.0,28.0,15.0,10.0  ,  58.547,44.867,41.767,30.197,20.802]"
1890,0,457.276,5,"[45.0,43.0,36.0,27.0,14.0  ,  67.433,65.993,60.568,52.558,28.131]"
1890,1,429.385,5,"[29.0,26.0,22.0,20.0,10.0  ,  50.59,48.43,45.33,43.55,24.76]"
1890,2,438.298,5,"[46.0,34.0,30.0,17.0,10.0  ,  61.223,52.583,49.483,37.913,24.76]"
1900,0,461.059,5,"[51.0,48.0,38.0,26.0,16.0  ,  71.259,69.099,61.349,50.669,31.879]"
1900,1,446.075,5,"[34.0,31.0,28.0,25.0,13.0  ,  60.391,58.231,55.906,53.236,30.688]"
1900,2,431.866,5,"[49.0,30.0,26.0,14.0,10.0  ,  59.717,46.037,42.937,32.257,24.741]"
1910,0,457.752,5,"[41.0,38.0,33.0,28.0,16.0  ,  66.97,64.81,60.935,56.485,33.937]"
1910,1,437.329,5,"[31.0,28.0,25.0,23.0,11.0  ,  55.549,53.389,51.064,49.284,26.736]"
1910,2,437.737,5,"[47.0,31.0,27.0,14.0,10.0  ,  53.525,42.005,38.905,27.335,19.819]"
1920,0,459.433,5,"[47.0,42.0,35.0,25.0,15.0  ,  66.722,63.122,57.697,48.797,30.007]"
1920,1,427.067,5,"[28.0,24.0,22.0,19.0,10.0  ,  48.74,45.86,44.31,41.64,24.729]"
1920,2,435.378,5,"[56.0,33.0,27.0,16.0,10.0  ,  67.032,50.472,45.822,36.032,24.758]"
1930,0,454.458,5,"[41.0,38.0,29.0,19.0,14.0  ,  55.635,53.475,46.5,37.6,28.205]"
1930,1,452.08,5,"[36.0,33.0,30.0,27.0,15.0  ,  63.705,61.545,59.22,56.55,34.002]"
1930,2,432.525,5,"[53.0,31.0,27.0,14.0,10.0  ,  62.786,46.946,43.846,32.276,24.76]"
1940,0,456.166,5,"[42.0,38.0,34.0,23.0,14.0  ,  61.694,58.814,55.714,45.924,29.013]"
1940,1,441.024,5,"[33.0,29.0,26.0,24.0,10.0  ,  53.051,50.171,47.846,46.066,19.76]"
1940,2,430.972,5,"[49.0,28.0,26.0,14.0,10.0  ,  59.624,44.504,42.954,32.274,24.758]"
1950,0,453.276,5,"[39.0,37.0,29.0,22.0,13.0  ,  56.824,55.384,49.184,42.954,26.043]"
1950,1,437.329,5,"[31.0,28.0,25.0,23.0,11.0  ,  55.549,53.389,51.064,49.284,26.736]"
1950,2,435.516,5,"[54.0,34.0,29.0,15.0,10.0  ,  64.89,50.49,46.615,34.155,24.76]"
1960,0,456.702,5,"[37.0,36.0,30.0,26.0,15.0  ,  59.985,59.265,54.615,51.055,30.386]"
1960,1,437.213,5,"[31.0,28.0,25.0,22.0,11.0  ,  54.56,52.4,50.075,47.405,26.736]"
1960,2,436.197,5,"[58.0,33.0,29.0,16.0,10.0  ,  68.577,50.577,47.477,35.907,24.633]"
1970,0,451.635,5,"[39.0,37.0,33.0,20.0,12.0  ,  55.061,53.621,50.521,38.951,23.919]"
1970,1,432.394,5,"[30.0,27.0,24.0,21.0,10.0  ,  52.561,50.401,48.076,45.406,24.737]"
1970,2,432.843,5,"[53.0,32.0,27.0,14.0,10.0  ,  62.841,47.721,43.846,32.276,24.76]"
1980,0,457.274,5,"[47.0,45.0,36.0,26.0,14.0  ,  68.193,66.753,59.778,50.878,28.33]"
1980,1,453.395,5,"[35.0,31.0,28.0,25.0,14.0  ,  56.21,53.33,51.005,48.335,27.666]"
1980,2,432.016,5,"[55.0,30.0,27.0,14.0,10.0  ,  64.169,46.169,43.844,32.274,24.758]"
1990,0,456.019,5,"[56.0,54.0,46.0,31.0,15.0  ,  81.69,80.25,74.05,60.7,30.636]"
1990,1,428.898,5,"[28.0,26.0,22.0,20.0,10.0  ,  49.87,48.43,45.33,43.55,24.76]"
1990,2,432.441,5,"[51.0,32.0,26.0,14.0,10.0  ,  61.281,47.601,42.951,32.271,24.755]"
2000,0,454.85,5,"[38.0,37.0,28.0,22.0,14.0  ,  56.079,55.359,48.384,43.044,28.012]"
2000,1,447.673,5,"[33.0,30.0,27.0,24.0,12.0  ,  53.421,51.261,48.936,46.266,23.718]"
2000,2,435.478,5,"[54.0,33.0,29.0,15.0,10.0  ,  64.633,49.513,46.413,33.953,24.558]"
2010,0,449.136,5,"[36.0,33.0,28.0,17.0,13.0  ,  49.528,47.368,43.493,33.703,26.187]"
2010,1,435.613,5,"[31.0,27.0,24.0,20.0,10.0  ,  49.121,46.241,43.916,40.356,21.566]"
2010,2,436.312,5,"[52.0,34.0,31.0,15.0,10.0  ,  63.679,50.719,48.394,34.154,24.759]"
2020,0,446.114,5,"[44.0,41.0,26.0,16.0,12.0  ,  54.976,52.816,41.191,32.291,24.775]"
2020,1,437.678,5,"[31.0,29.0,25.0,22.0,11.0  ,  54.615,53.175,50.075,47.405,26.736]"
2020,2,432.242,5,"[44.0,29.0,25.0,15.0,10.0  ,  56.955,46.155,43.055,34.155,24.76]"
2030,0,460.962,5,"[51.0,49.0,42.0,24.0,16.0  ,  70.079,68.639,63.214,47.194,32.162]"
2030,1,343.31,4,"[31.0,28.0,24.0,22.0,10.0  ,  49.348,47.188,44.088,42.308,19.76]"
2030,2,437.152,5,"[60.0,36.0,31.0,16.0,10.0  ,  70.539,53.259,49.384,36.034,24.76]"
2040,0,449.131,5,"[40.0,36.0,29.0,18.0,12.0  ,  53.534,50.654,45.229,35.439,24.165]"
2040,1,439.138,5,"[31.0,28.0,25.0,22.0,10.0  ,  49.506,47.346,45.021,42.351,19.803]"
2040,2,433.389,5,"[46.0,29.0,25.0,16.0,10.0  ,  59.384,47.144,44.044,36.034,24.76]"
2050,0,459.14,5,"[45.0,42.0,39.0,22.0,15.0  ,  63.317,61.157,58.832,43.702,30.549]"
2050,1,433.238,5,"[28.0,25.0,22.0,20.0,10.0  ,  44.815,42.655,40.33,38.55,19.76]"
2050,2,433.921,5,"[50.0,32.0,26.0,15.0,10.0  ,  61.473,48.513,43.863,34.073,24.678]"
2060,0,460.585,5,"[46.0,45.0,39.0,28.0,16.0  ,  69.869,69.149,64.499,54.709,32.161]"
2060,1,438.501,5,"[31.0,28.0,24.0,22.0,10.0  ,  49.348,47.188,44.088,42.308,19.76]"
2060,2,437.482,5,"[51.0,34.0,28.0,17.0,10.0  ,  64.487,52.247,47.597,37.807,24.654]"
2070,0,455.292,5,"[38.0,35.0,28.0,19.0,15.0  ,  53.164,51.004,45.579,37.569,30.053]"
2070,1,442.061,5,"[32.0,29.0,26.0,24.0,12.0  ,  56.901,54.741,52.416,50.636,28.088]"
2070,2,441.691,5,"[56.0,35.0,29.0,16.0,10.0  ,  62.379,47.259,42.609,31.039,19.765]"
2080,0,459.141,5,"[44.0,41.0,32.0,25.0,16.0  ,  65.595,63.435,56.46,50.23,33.319]"
2080,1,430.26,5,"[29.0,26.0,23.0,20.0,10.0  ,  50.691,48.531,46.206,43.536,24.746]"
2080,2,433.248,5,"[38.0,31.0,25.0,15.0,10.0  ,  52.093,47.053,42.403,33.503,24.108]"
2090,0,450.146,5,"[35.0,33.0,25.0,19.0,14.0  ,  51.195,49.755,43.555,38.215,28.82]"
2090,1,435.725,5,"[32.0,29.0,26.0,24.0,10.0  ,  57.331,55.171,52.846,51.066,24.76]"
2090,2,430.545,5,"[44.0,28.0,25.0,14.0,10.0  ,  55.79,44.27,41.945,32.155,24.639]"
2100,0,459.588,5,"[41.0,39.0,35.0,28.0,17.0  ,  67.378,65.938,62.838,56.608,35.939]"
2100,1,439.079,5,"[31.0,28.0,25.0,23.0,10.0  ,  50.67,48.51,46.185,44.405,19.978]"
2100,2,428.557,5,"[49.0,29.0,24.0,13.0,10.0  ,  58.461,44.061,40.186,30.396,24.759]"
2110,0,454.014,5,"[53.0,52.0,43.0,33.0,14.0  ,  80.714,79.994,73.019,64.119,28.418]"
2110,1,451.384,5,"[34.0,32.0,28.0,26.0,15.0  ,  60.439,58.999,55.899,54.119,33.45]"
2110,2,429.039,5,"[45.0,30.0,24.0,13.0,10.0  ,  55.633,44.833,40.183,30.393,24.756]"
2120,0,458.703,5,"[48.0,46.0,39.0,28.0,15.0  ,  71.46,70.02,64.595,54.805,30.378]"
2120,1,441.533,5,"[31.0,28.0,24.0,22.0,11.0  ,  49.445,47.285,44.185,42.405,21.736]"
2120,2,435.647,5,"[53.0,30.0,25.0,15.0,10.0  ,  60.226,43.666,39.791,30.891,21.496]"
2130,0,457.285,5,"[42.0,41.0,35.0,27.0,14.0  ,  64.784,64.064,59.414,52.294,27.867]"
2130,1,435.704,5,"[32.0,29.0,26.0,23.0,10.0  ,  56.342,54.182,51.857,49.187,24.76]"
2130,2,439.252,5,"[52.0,34.0,29.0,14.0,10.0  ,  57.509,44.549,40.674,27.324,19.808]"
2140,0,450.622,5,"[39.0,37.0,29.0,19.0,13.0  ,  55.49,54.05,47.85,38.95,27.676]"
2140,1,435.675,5,"[30.0,26.0,23.0,20.0,10.0  ,  46.43,43.55,41.225,38.555,19.765]"
2140,2,441.641,5,"[55.0,37.0,31.0,17.0,10.0  ,  65.041,52.081,47.431,34.971,21.818]"
2150,0,450.061,5,"[33.0,30.0,24.0,18.0,15.0  ,  47.783,45.623,40.973,35.633,29.996]"
2150,1,438.333,5,"[32.0,28.0,25.0,23.0,11.0  ,  55.605,52.725,50.4,48.62,26.072]"
2150,2,436.626,5,"[45.0,33.0,26.0,15.0,10.0  ,  55.61,46.97,41.545,31.755,22.36]"
2160,0,434.982,5,"[32.0,28.0,21.0,17.0,11.0  ,  46.784,43.904,38.479,34.919,23.645]"
2160,1,439.98,5,"[32.0,29.0,26.0,23.0,10.0  ,  52.066,49.906,47.581,44.911,20.484]"
2160,2,440.046,5,"[50.0,33.0,28.0,15.0,10.0  ,  56.907,44.667,40.792,29.222,19.827]"
2170,0,455.572,5,"[39.0,36.0,30.0,22.0,14.0  ,  56.986,54.826,50.176,43.056,28.024]"
2170,1,454.316,5,"[36.0,32.0,30.0,27.0,14.0  ,  59.191,56.311,54.761,52.091,27.664]"
2170,2,434.228,5,"[51.0,30.0,26.0,15.0,10.0  ,  61.044,45.924,42.824,33.034,23.639]"
2180,0,459.858,5,"[45.0,43.0,39.0,24.0,15.0  ,  64.788,63.348,60.248,46.898,29.987]"
2180,1,441.771,5,"[30.0,28.0,25.0,22.0,11.0  ,  48.897,47.457,45.132,42.462,21.793]"
2180,2,441.287,5,"[55.0,34.0,29.0,17.0,10.0  ,  63.813,48.693,44.818,34.138,20.985]"
2190,0,460.697,5,"[44.0,40.0,32.0,24.0,16.0  ,  63.006,60.126,53.926,46.806,31.774]"
2190,1,425.327,5,"[27.0,24.0,21.0,18.0,10.0  ,  46.538,44.378,42.053,39.383,24.351]"
2190,2,435.349,5,"[48.0,33.0,27.0,15.0,10.0  ,  59.658,48.858,44.208,33.528,24.133]"
2200,0,453.623,5,"[41.0,39.0,33.0,19.0,13.0  ,  56.029,54.589,49.939,37.479,26.205]"
2200,1,435.405,5,"[30.0,27.0,24.0,21.0,11.0  ,  52.68,50.52,48.195,45.525,26.735]"
2200,2,436.722,5,"[53.0,34.0,29.0,16.0,10.0  ,  65.159,51.479,47.604,36.034,24.76]"
2210,0,455.28,5,"[40.0,37.0,31.0,20.0,14.0  ,  56.181,54.021,49.371,39.581,28.307]"
2210,1,447.084,5,"[34.0,31.0,28.0,25.0,13.0  ,  59.382,57.222,54.897,52.227,29.679]"
2210,2,434.506,5,"[51.0,32.0,27.0,15.0,10.0  ,  62.204,48.524,44.649,33.969,24.574]"
2220,0,457.028,5,"[48.0,45.0,41.0,32.0,16.0  ,  77.376,75.216,72.116,64.106,34.042]"
2220,1,445.239,5,"[33.0,30.0,27.0,24.0,12.0  ,  55.855,53.695,51.37,48.7,26.152]"
2220,2,429.373,5,"[41.0,26.0,22.0,16.0,10.0  ,  55.265,44.465,41.365,36.025,24.751]"
2230,0,458.254,5,"[47.0,45.0,38.0,25.0,16.0  ,  70.423,68.983,63.558,51.988,35.077]"
2230,1,437.553,5,"[32.0,28.0,25.0,22.0,11.0  ,  55.28,52.4,50.075,47.405,26.736]"
2230,2,436.4,5,"[51.0,35.0,30.0,15.0,10.0  ,  62.771,51.251,47.376,34.026,24.631]"
2240,0,458.114,5,"[50.0,47.0,39.0,23.0,14.0  ,  67.225,65.065,58.865,44.625,27.714]"
2240,1,433.251,5,"[30.0,27.0,24.0,22.0,10.0  ,  52.914,50.754,48.429,46.649,24.101]"
2240,2,433.443,5,"[44.0,27.0,23.0,14.0,10.0  ,  50.637,38.397,35.297,27.287,19.771]"
2250,0,450.878,5,"[44.0,39.0,31.0,19.0,12.0  ,  57.885,54.285,48.085,37.405,24.252]"
2250,1,432.371,5,"[30.0,27.0,24.0,21.0,10.0  ,  52.584,50.424,48.099,45.429,24.76]"
2250,2,434.591,5,"[54.0,32.0,28.0,15.0,10.0  ,  64.665,48.825,45.725,34.155,24.76]"
2260,0,452.582,5,"[53.0,50.0,39.0,27.0,12.0  ,  73.641,71.481,62.956,52.276,24.091]"
2260,1,447.352,5,"[31.0,28.0,25.0,23.0,13.0  ,  50.769,48.609,46.284,44.504,25.714]"
2260,2,434.949,5,"[41.0,32.0,26.0,16.0,10.0  ,  56.059,49.579,44.929,36.029,24.755]"
2270,0,458.751,5,"[49.0,46.0,35.0,25.0,15.0  ,  69.002,66.842,58.317,49.417,30.627]"
2270,1,436.81,5,"[31.0,28.0,25.0,23.0,10.0  ,  52.938,50.778,48.453,46.673,22.246]"
2270,2,439.776,5,"[51.0,33.0,28.0,15.0,10.0  ,  57.847,44.887,41.012,29.442,20.047]"
2280,0,460.563,5,"[40.0,39.0,33.0,24.0,16.0  ,  60.259,59.539,54.889,46.879,31.847]"
2280,1,435.364,5,"[31.0,29.0,26.0,23.0,10.0  ,  55.622,54.182,51.857,49.187,24.76]"
2280,2,433.149,5,"[53.0,33.0,27.0,14.0,10.0  ,  62.868,48.468,43.818,32.248,24.732]"
2290,0,459.324,5,"[51.0,48.0,41.0,26.0,15.0  ,  71.665,69.505,64.08,50.73,30.061]"
2290,1,431.945,5,"[29.0,27.0,24.0,21.0,10.0  ,  51.857,50.417,48.092,45.422,24.753]"
2290,2,435.766,5,"[52.0,33.0,30.0,15.0,10.0  ,  63.51,49.83,47.505,34.155,24.76]"
2300,0,456.349,5,"[43.0,38.0,32.0,24.0,14.0  ,  62.65,59.05,54.4,47.28,28.49]"
2300,1,439.166,5,"[31.0,28.0,25.0,22.0,10.0  ,  49.477,47.317,44.992,42.322,19.774]"
2300,2,433.059,5,"[49.0,32.0,27.0,14.0,10.0  ,  59.961,47.721,43.846,32.276,24.76]"
2310,0,456.511,5,"[42.0,39.0,33.0,19.0,15.0  ,  58.057,55.897,51.247,38.787,31.271]"
2310,1,437.976,5,"[31.0,27.0,24.0,22.0,10.0  ,  49.293,46.413,44.088,42.308,19.76]"
2310,2,444.288,5,"[53.0,32.0,29.0,16.0,13.0  ,  65.339,50.219,47.894,36.324,30.687]"
2320,0,464.671,5,"[44.0,43.0,35.0,25.0,19.0  ,  65.215,64.495,58.295,49.395,38.121]"
2320,1,436.445,5,"[33.0,30.0,26.0,24.0,10.0  ,  58.096,55.936,52.836,51.056,24.75]"
2320,2,434.193,5,"[50.0,29.0,25.0,13.0,10.0  ,  54.297,39.177,36.077,25.397,19.76]"
2330,0,455.314,5,"[52.0,51.0,45.0,31.0,14.0  ,  77.927,77.207,72.557,60.097,28.154]"
2330,1,434.524,5,"[32.0,28.0,25.0,22.0,10.0  ,  55.179,52.299,49.974,47.304,24.756]"
2330,2,442.63,5,"[50.0,36.0,30.0,16.0,10.0  ,  58.224,48.144,43.494,31.034,19.76]"
2340,0,456.706,5,"[41.0,39.0,31.0,24.0,14.0  ,  60.529,59.089,52.889,46.659,27.869]"
2340,1,436.875,5,"[32.0,29.0,26.0,24.0,10.0  ,  56.181,54.021,51.696,49.916,23.61]"
2340,2,443.551,5,"[55.0,36.0,31.0,17.0,10.0  ,  62.929,49.249,45.374,32.914,19.761]"
2350,0,457.072,5,"[39.0,38.0,33.0,29.0,15.0  ,  64.959,64.239,60.364,56.804,30.498]"
2350,1,434.407,5,"[29.0,26.0,23.0,21.0,10.0  ,  47.869,45.709,43.384,41.604,20.935]"
2350,2,439.754,5,"[53.0,34.0,29.0,16.0,11.0  ,  65.256,51.576,47.701,36.131,26.736]"
2360,0,461.357,5,"[52.0,50.0,41.0,27.0,17.0  ,  74.319,72.879,65.904,53.444,34.654]"
2360,1,437.591,5,"[30.0,27.0,24.0,22.0,10.0  ,  48.573,46.413,44.088,42.308,19.76]"
2360,2,428.466,5,"[45.0,27.0,23.0,14.0,10.0  ,  56.346,43.386,40.286,32.276,24.76]"
2370,0,464.961,5,"[42.0,40.0,34.0,26.0,20.0  ,  64.78,63.34,58.69,51.57,40.296]"
2370,1,435.246,5,"[29.0,26.0,23.0,20.0,10.0  ,  45.705,43.545,41.22,38.55,19.76]"
2370,2,436.896,5,"[48.0,36.0,31.0,15.0,10.0  ,  60.89,52.25,48.375,34.135,24.74]"
2380,0,457.117,5,"[44.0,39.0,32.0,24.0,14.0  ,  62.781,59.181,53.756,46.636,27.846]"
2380,1,437.371,5,"[30.0,27.0,24.0,21.0,10.0  ,  47.584,45.424,43.099,40.429,19.76]"
2380,2,435.335,5,"[60.0,34.0,30.0,15.0,10.0  ,  69.321,50.601,47.501,34.151,24.756]"
2390,0,444.701,5,"[32.0,29.0,23.0,20.0,13.0  ,  49.685,47.525,42.875,40.205,27.052]"
2390,1,449.357,5,"[31.0,28.0,25.0,22.0,14.0  ,  49.851,47.691,45.366,42.696,27.664]"
2390,2,430.902,5,"[45.0,29.0,25.0,14.0,10.0  ,  56.686,45.166,42.066,32.276,24.76]"
2400,0,451.52,5,"[47.0,44.0,34.0,27.0,12.0  ,  69.523,67.363,59.613,53.383,25.198]"
2400,1,435.521,5,"[30.0,27.0,24.0,21.0,11.0  ,  52.564,50.404,48.079,45.409,26.619]"
2400,2,433.115,5,"[47.0,32.0,27.0,14.0,10.0  ,  58.521,47.721,43.846,32.276,24.76]"
2410,0,448.394,5,"[35.0,32.0,28.0,21.0,12.0  ,  52.679,50.519,47.419,41.189,24.278]"
2410,1,433.505,5,"[30.0,27.0,24.0,22.0,10.0  ,  52.66,50.5,48.175,46.395,23.847]"
2410,2,438.759,5,"[56.0,38.0,31.0,17.0,10.0  ,  68.735,55.775,50.35,37.89,24.737]"
2420,0,451.921,5,"[46.0,44.0,36.0,22.0,12.0  ,  64.251,62.811,56.611,44.151,25.361]"
2420,1,428.245,5,"[28.0,25.0,22.0,20.0,10.0  ,  49.808,47.648,45.323,43.543,24.753]"
2420,2,437.726,5,"[52.0,34.0,29.0,17.0,10.0  ,  65.428,52.468,48.593,37.913,24.76]"
2430,0,455.583,5,"[40.0,38.0,30.0,20.0,14.0  ,  55.635,54.195,47.995,39.095,27.821]"
2430,1,436.216,5,"[32.0,29.0,26.0,23.0,10.0  ,  55.83,53.67,51.345,48.675,24.248]"
2430,2,434.513,5,"[55.0,32.0,28.0,15.0,10.0  ,  65.385,48.825,45.725,34.155,24.76]"
2440,0,452.093,5,"[59.0,56.0,42.0,32.0,13.0  ,  83.549,81.389,70.539,61.639,25.938]"
2440,1,433.395,5,"[29.0,26.0,23.0,20.0,11.0  ,  50.685,48.525,46.2,43.53,26.619]"
2440,2,439.005,5,"[53.0,33.0,29.0,15.0,10.0  ,  60.457,46.057,42.957,30.497,21.102]"
2450,0,451.374,5,"[43.0,40.0,34.0,19.0,13.0  ,  60.246,58.086,53.436,40.086,28.812]"
2450,1,428.244,5,"[28.0,25.0,22.0,20.0,10.0  ,  49.81,47.65,45.325,43.545,24.755]"
2450,2,433.583,5,"[48.0,29.0,24.0,13.0,10.0  ,  52.748,39.068,35.193,25.403,19.766]"
2460,0,447.593,5,"[36.0,33.0,27.0,21.0,12.0  ,  54.148,51.988,47.338,41.998,25.087]"
2460,1,447.222,5,"[36.0,32.0,30.0,27.0,13.0  ,  64.094,61.214,59.664,56.994,30.688]"
2460,2,435.211,5,"[47.0,33.0,28.0,15.0,10.0  ,  59.68,49.6,45.725,34.155,24.76]"
2470,0,451.811,5,"[44.0,41.0,34.0,30.0,12.0  ,  68.804,66.644,61.219,57.659,23.837]"
2470,1,437.371,5,"[30.0,27.0,24.0,21.0,10.0  ,  47.584,45.424,43.099,40.429,19.76]"
2470,2,434.831,5,"[41.0,32.0,27.0,15.0,10.0  ,  54.699,48.219,44.344,33.664,24.269]"
2480,0,459.542,5,"[49.0,46.0,41.0,23.0,15.0  ,  67.288,65.128,61.253,45.233,30.201]"
2480,1,433.238,5,"[28.0,25.0,22.0,20.0,10.0  ,  44.815,42.655,40.33,38.55,19.76]"
2480,2,434.539,5,"[52.0,33.0,27.0,15.0,10.0  ,  63.165,49.485,44.835,34.155,24.76]"
2490,0,454.799,5,"[43.0,39.0,34.0,25.0,13.0  ,  63.717,60.837,56.962,48.952,26.404]"
2490,1,430.252,5,"[29.0,26.0,23.0,20.0,10.0  ,  50.7,48.54,46.215,43.545,24.755]"
2490,2,430.141,5,"[42.0,29.0,24.0,14.0,10.0  ,  54.41,45.05,41.175,32.275,24.759]"
2500,0,455.462,5,"[46.0,44.0,36.0,25.0,13.0  ,  66.215,64.775,58.575,48.785,26.237]"
2500,1,437.337,5,"[32.0,29.0,25.0,23.0,10.0  ,  53.992,51.832,48.732,46.952,22.525]"
2500,2,434.707,5,"[48.0,29.0,26.0,14.0,10.0  ,  55.722,42.042,39.717,29.037,21.521]"
2510,0,456.181,5,"[37.0,36.0,29.0,21.0,15.0  ,  54.943,54.223,48.798,41.678,30.404]"
2510,1,434.236,5,"[31.0,28.0,25.0,22.0,10.0  ,  54.408,52.248,49.923,47.253,24.705]"
2510,2,434.882,5,"[51.0,34.0,28.0,14.0,10.0  ,  60.694,48.454,43.804,31.344,23.828]"
2520,0,450.972,5,"[39.0,38.0,31.0,20.0,13.0  ,  57.657,56.937,51.512,41.722,28.569]"
2520,1,435.581,5,"[29.0,26.0,23.0,21.0,10.0  ,  46.695,44.535,42.21,40.43,19.761]"
2520,2,431.06,5,"[46.0,31.0,24.0,14.0,10.0  ,  57.337,46.537,41.112,32.212,24.696]"
2530,0,452.027,5,"[38.0,35.0,27.0,22.0,13.0  ,  55.698,53.538,47.338,42.888,25.977]"
2530,1,439.637,5,"[30.0,27.0,23.0,21.0,11.0  ,  47.566,45.406,42.306,40.526,21.736]"
2530,2,435.636,5,"[54.0,34.0,29.0,15.0,10.0  ,  64.77,50.37,46.495,34.035,24.64]"
2540,0,459.721,5,"[41.0,40.0,31.0,22.0,16.0  ,  59.204,58.484,51.509,43.499,32.225]"
2540,1,437.586,5,"[30.0,27.0,24.0,22.0,10.0  ,  48.579,46.419,44.094,42.314,19.766]"
2540,2,433.593,5,"[46.0,32.0,28.0,14.0,10.0  ,  57.916,47.836,44.736,32.276,24.76]"
2550,0,451.714,5,"[32.0,31.0,23.0,19.0,16.0  ,  47.969,47.249,41.049,37.489,31.852]"
2550,1,437.581,5,"[30.0,27.0,24.0,22.0,10.0  ,  48.583,46.423,44.098,42.318,19.77]"
2550,2,439.436,5,"[53.0,35.0,29.0,14.0,10.0  ,  58.241,45.281,40.631,27.281,19.765]"
2560,0,454.112,5,"[39.0,38.0,33.0,25.0,13.0  ,  60.8,60.08,56.205,49.085,26.537]"
2560,1,433.921,5,"[29.0,26.0,22.0,19.0,10.0  ,  44.601,42.441,39.341,36.671,19.76]"
2560,2,432.407,5,"[43.0,30.0,27.0,14.0,10.0  ,  55.531,46.171,43.846,32.276,24.76]"
2570,0,449.773,5,"[55.0,51.0,46.0,29.0,12.0  ,  79.644,76.764,72.889,57.759,25.816]"
2570,1,443.968,5,"[36.0,33.0,30.0,28.0,10.0  ,  60.018,57.858,55.533,53.753,19.931]"
2570,2,456.503,5,"[59.0,38.0,32.0,18.0,15.0  ,  67.512,52.392,47.742,35.282,29.645]"
2580,0,449.89,5,"[40.0,38.0,32.0,23.0,12.0  ,  61.104,59.664,55.014,47.004,26.335]"
2580,1,441.01,5,"[33.0,29.0,26.0,24.0,10.0  ,  53.065,50.185,47.86,46.08,19.774]"
2580,2,432.239,5,"[43.0,31.0,26.0,14.0,10.0  ,  55.471,46.831,42.956,32.276,24.76]"
2590,0,450.021,5,"[39.0,35.0,30.0,17.0,13.0  ,  52.78,49.9,46.025,34.455,26.939]"
2590,1,433.599,5,"[28.0,25.0,22.0,19.0,11.0  ,  46.13,43.97,41.645,38.975,23.943]"
2590,2,441.352,5,"[50.0,33.0,29.0,16.0,10.0  ,  58.247,46.007,42.907,31.337,20.063]"
2600,0,463.742,5,"[44.0,41.0,34.0,27.0,19.0  ,  67.335,65.175,59.75,53.52,38.488]"
2600,1,432.879,5,"[30.0,27.0,24.0,22.0,10.0  ,  53.286,51.126,48.801,47.021,24.473]"
2600,2,430.394,5,"[47.0,32.0,25.0,13.0,10.0  ,  57.292,46.492,41.067,30.387,24.75]"
2610,0,454.299,5,"[44.0,41.0,34.0,20.0,13.0  ,  59.631,57.471,52.046,39.586,26.433]"
2610,1,432.422,5,"[28.0,25.0,22.0,20.0,10.0  ,  45.631,43.471,41.146,39.366,20.576]"
2610,2,434.624,5,"[47.0,30.0,25.0,13.0,10.0  ,  52.271,40.031,36.156,25.476,19.839]"
2620,0,451.471,5,"[42.0,40.0,33.0,19.0,13.0  ,  59.089,57.649,52.224,39.764,28.49]"
2620,1,465.229,5,"[42.0,39.0,36.0,33.0,23.0  ,  71.579,69.419,67.094,64.424,45.634]"
2620,2,429.127,5,"[56.0,34.0,26.0,12.0,10.0  ,  63.018,47.178,40.978,28.518,24.76]"
2630,0,454.119,5,"[39.0,37.0,31.0,24.0,13.0  ,  58.984,57.544,52.894,46.664,25.995]"
2630,1,439.52,5,"[29.0,26.0,24.0,22.0,11.0  ,  47.976,45.816,44.266,42.486,21.817]"
2630,2,436.38,5,"[52.0,34.0,28.0,16.0,10.0  ,  64.324,51.364,46.714,36.034,24.76]"
2640,0,457.69,5,"[38.0,35.0,31.0,25.0,16.0  ,  60.931,58.771,55.671,50.331,33.42]"
2640,1,434.339,5,"[29.0,26.0,22.0,20.0,10.0  ,  45.637,43.477,40.377,38.597,19.807]"
2640,2,440.464,5,"[53.0,34.0,29.0,16.0,10.0  ,  61.417,47.737,43.862,32.292,21.018]"
2650,0,443.97,5,"[30.0,28.0,24.0,18.0,13.0  ,  45.565,44.125,41.025,35.685,26.29]"
2650,1,431.606,5,"[30.0,27.0,23.0,21.0,10.0  ,  52.468,50.308,47.208,45.428,24.759]"
2650,2,435.666,5,"[42.0,30.0,25.0,15.0,11.0  ,  55.618,46.978,43.103,34.203,26.687]"
2660,0,459.68,5,"[47.0,45.0,36.0,24.0,15.0  ,  65.964,64.524,57.549,46.869,29.958]"
2660,1,429.385,5,"[29.0,26.0,22.0,20.0,10.0  ,  50.59,48.43,45.33,43.55,24.76]"
2660,2,434.292,5,"[50.0,30.0,26.0,16.0,10.0  ,  62.434,48.034,44.934,36.034,24.76]"
2670,0,464.271,5,"[45.0,42.0,34.0,26.0,19.0  ,  66.856,64.696,58.496,51.376,38.223]"
2670,1,438.134,5,"[32.0,29.0,25.0,23.0,11.0  ,  56.324,54.164,51.064,49.284,26.736]"
2670,2,436.581,5,"[48.0,31.0,26.0,15.0,10.0  ,  57.075,44.835,40.96,31.17,21.775]"
2680,0,451.566,5,"[39.0,37.0,28.0,18.0,14.0  ,  54.62,53.18,46.205,37.305,29.789]"
2680,1,438.691,5,"[31.0,29.0,25.0,23.0,10.0  ,  51.577,50.137,47.037,45.257,20.83]"
2680,2,433.878,5,"[53.0,31.0,27.0,15.0,10.0  ,  63.775,47.935,44.835,34.155,24.76]"
2690,0,460.08,5,"[47.0,44.0,36.0,30.0,16.0  ,  71.749,69.589,63.389,58.049,31.743]"
2690,1,436.902,5,"[33.0,30.0,27.0,25.0,10.0  ,  59.21,57.05,54.725,52.945,24.76]"
2690,2,428.815,5,"[51.0,30.0,27.0,12.0,10.0  ,  59.313,44.193,41.868,28.518,24.76]"
2700,0,458.897,5,"[37.0,36.0,32.0,25.0,16.0  ,  59.467,58.747,55.647,49.417,32.506]"
2700,1,443.736,5,"[32.0,29.0,26.0,23.0,11.0  ,  51.439,49.279,46.954,44.284,21.736]"
2700,2,434.653,5,"[56.0,32.0,28.0,15.0,10.0  ,  65.882,48.602,45.502,33.932,24.537]"
2710,0,460.468,5,"[52.0,49.0,38.0,27.0,16.0  ,  73.287,71.127,62.602,52.812,32.143]"
2710,1,426.378,5,"[26.0,24.0,20.0,18.0,10.0  ,  42.96,41.52,38.42,36.64,21.608]"
2710,2,431.038,5,"[53.0,30.0,25.0,14.0,10.0  ,  62.493,45.933,42.058,32.268,24.752]"
2720,0,451.63,5,"[38.0,34.0,28.0,20.0,14.0  ,  56.072,53.192,48.542,41.422,30.148]"
2720,1,437.329,5,"[31.0,28.0,25.0,23.0,11.0  ,  55.549,53.389,51.064,49.284,26.736]"
2720,2,439.659,5,"[50.0,31.0,27.0,16.0,10.0  ,  58.131,44.451,41.351,31.561,20.287]"
2730,0,462.486,5,"[44.0,42.0,35.0,26.0,17.0  ,  65.615,64.175,58.75,50.74,33.829]"
2730,1,435.704,5,"[32.0,29.0,26.0,23.0,10.0  ,  56.342,54.182,51.857,49.187,24.76]"
2730,2,431.921,5,"[55.0,31.0,26.0,14.0,10.0  ,  64.035,46.755,42.88,32.2,24.684]"
2740,0,431.968,5,"[27.0,24.0,20.0,17.0,12.0  ,  42.854,40.694,37.594,34.924,25.529]"
2740,1,432.592,5,"[30.0,27.0,24.0,22.0,10.0  ,  53.573,51.413,49.088,47.308,24.76]"
2740,2,436.855,5,"[55.0,32.0,26.0,14.0,10.0  ,  59.475,42.915,38.265,27.585,20.069]"
2750,0,454.52,5,"[44.0,41.0,32.0,26.0,13.0  ,  65.197,63.037,56.062,50.722,26.295]"
2750,1,438.304,5,"[30.0,27.0,24.0,22.0,12.0  ,  53.767,51.607,49.282,47.502,28.712]"
2750,2,433.053,5,"[51.0,32.0,26.0,14.0,10.0  ,  60.669,46.989,42.339,31.659,24.143]"
2760,0,455.26,5,"[40.0,37.0,31.0,20.0,14.0  ,  56.202,54.042,49.392,39.602,28.328]"
2760,1,438.757,5,"[32.0,29.0,26.0,24.0,11.0  ,  57.428,55.268,52.943,51.163,26.736]"
2760,2,434.068,5,"[44.0,28.0,25.0,14.0,10.0  ,  52.266,40.746,38.421,28.631,21.115]"
2770,0,435.45,5,"[26.0,24.0,19.0,16.0,15.0  ,  41.394,39.954,36.079,33.409,31.53]"
2770,1,442.793,5,"[31.0,29.0,25.0,23.0,11.0  ,  50.605,49.165,46.065,44.285,21.737]"
2770,2,440.135,5,"[51.0,31.0,27.0,16.0,10.0  ,  58.324,43.924,40.824,31.034,19.76]"
2780,0,458.082,5,"[49.0,47.0,40.0,30.0,15.0  ,  74.171,72.731,67.306,58.406,30.221]"
2780,1,439.521,5,"[32.0,28.0,25.0,22.0,10.0  ,  50.183,47.303,44.978,42.308,19.76]"
2780,2,437.278,5,"[45.0,31.0,26.0,14.0,10.0  ,  51.911,41.831,37.956,27.276,19.76]"
