episode,uav_id,total_utility,uav_utility_list,select_agent
10,0,119.685,"[77.391,42.294]","[1,2]"
10,1,140.388,"[26.973,73.706,39.709]","[0,1,2]"
10,2,125.438,"[24.098,66.231,35.109]","[0,1,2]"
10,3,12.692,"[3.329,4.913,4.45]","[0,1,2]"
10,4,3.574,"[1.874,0.063,1.637]","[0,1,2]"
20,0,107.531,"[30.435,77.096]","[0,1]"
20,1,122.893,"[28.84,73.411,20.642]","[0,1,2]"
20,2,109.898,"[26.08,65.936,17.882]","[0,1,2]"
20,3,9.02,"[3.333,4.618,1.069]","[0,1,2]"
20,4,2.327,"[1.781,0.544,0.002]","[0,1,2]"
30,0,96.361,"[61.321,35.04]","[1,2]"
30,1,119.106,"[28.134,58.131,32.84]","[0,1,2]"
30,2,105.651,"[25.029,52.151,28.47]","[0,1,2]"
30,3,10.707,"[2.282,5.668,2.756]","[0,1,2]"
30,4,2.85,"[0.245,1.885,0.719]","[0,1,2]"
40,0,110.537,"[37.146,39.338,34.053]","[0,1,2]"
40,1,103.552,"[34.066,37.303,32.183]","[0,1,2]"
40,2,91.132,"[28.891,33.738,28.503]","[0,1,2]"
40,3,13.99,"[3.177,4.068,6.745]","[0,1,2]"
40,4,8.655,"[0.849,2.807,4.999]","[0,1,2]"
50,0,106.579,"[50.02,56.558]","[1,2]"
50,1,101.354,"[47.325,54.028]","[1,2]"
50,2,134.108,"[42.529,42.725,48.853]","[0,1,2]"
50,3,16.417,"[5.936,5.143,5.337]","[0,1,2]"
50,4,6.62,"[2.541,2.621,1.457]","[0,1,2]"
60,0,50.155,"[23.937,26.218]","[0,2]"
60,1,47.075,"[22.397,24.678]","[0,2]"
60,2,40.865,"[19.292,21.573]","[0,2]"
60,3,7.239,"[2.479,4.76]","[0,2]"
60,4,4.814,"[1.024,3.79]","[0,2]"
70,0,107.359,"[24.01,59.442,23.908]","[0,1,2]"
70,1,100.044,"[21.865,55.702,22.478]","[0,1,2]"
70,2,87.509,"[18.3,49.377,19.833]","[0,1,2]"
70,3,10.367,"[1.487,3.883,4.998]","[0,1,2]"
70,4,3.965,"[0.032,0.003,3.931]","[0,1,2]"
80,0,91.856,"[70.234,21.622]","[1,2]"
80,1,87.346,"[66.934,20.412]","[1,2]"
80,2,78.261,"[60.149,18.112]","[1,2]"
80,3,12.987,"[9.71,3.277]","[1,2]"
80,4,6.973,"[4.86,2.113]","[1,2]"
90,0,118.876,"[47.735,27.264,43.877]","[0,1,2]"
90,1,112.331,"[45.315,26.054,40.962]","[0,1,2]"
90,2,99.911,"[40.715,23.869,35.327]","[0,1,2]"
90,3,17.824,"[5.111,6.067,6.646]","[0,1,2]"
90,4,11.907,"[1.91,5.0,4.997]","[0,1,2]"
100,0,80.668,"[33.518,17.939,29.21]","[0,1,2]"
100,1,75.608,"[31.043,16.949,27.615]","[0,1,2]"
100,2,67.328,"[27.248,15.339,24.74]","[0,1,2]"
100,3,15.9,"[6.479,3.471,5.949]","[0,1,2]"
100,4,12.214,"[4.83,2.501,4.882]","[0,1,2]"
110,0,112.849,"[43.236,36.754,32.86]","[0,1,2]"
110,1,105.919,"[40.651,34.609,30.66]","[0,1,2]"
110,2,93.384,"[35.821,31.044,26.52]","[0,1,2]"
110,3,13.275,"[3.184,4.341,5.751]","[0,1,2]"
110,4,6.582,"[0.662,1.916,4.005]","[0,1,2]"
120,0,67.093,"[15.177,24.109,27.806]","[0,1,2]"
120,1,62.418,"[13.802,22.679,25.936]","[0,1,2]"
120,2,54.713,"[11.962,20.149,22.601]","[0,1,2]"
120,3,8.23,"[1.083,1.358,5.788]","[0,1,2]"
120,4,4.932,"[0.113,0.0,4.818]","[0,1,2]"
130,0,72.753,"[41.58,31.173]","[1,2]"
130,1,69.123,"[39.545,29.578]","[1,2]"
130,2,62.453,"[35.635,26.818]","[1,2]"
130,3,12.014,"[5.965,6.049]","[1,2]"
130,4,9.977,"[4.995,4.982]","[1,2]"
140,0,114.424,"[68.507,23.97,21.946]","[0,1,2]"
140,1,108.209,"[64.712,22.76,20.736]","[0,1,2]"
140,2,97.284,"[57.697,20.805,18.781]","[0,1,2]"
140,3,18.164,"[6.269,5.97,5.924]","[0,1,2]"
140,4,11.762,"[1.807,5.0,4.954]","[0,1,2]"
150,0,123.415,"[26.899,73.351,23.165]","[0,1,2]"
150,1,116.21,"[24.699,69.666,21.845]","[0,1,2]"
150,2,103.445,"[21.709,62.306,19.43]","[0,1,2]"
150,3,12.457,"[1.929,4.944,5.584]","[0,1,2]"
150,4,4.891,"[0.183,0.094,4.614]","[0,1,2]"
160,0,73.618,"[22.585,25.996,25.037]","[0,1,2]"
160,1,68.778,"[20.66,24.511,23.607]","[0,1,2]"
160,2,61.073,"[17.9,21.981,21.192]","[0,1,2]"
160,3,12.612,"[2.076,6.157,4.379]","[0,1,2]"
160,4,9.314,"[0.912,4.993,3.409]","[0,1,2]"
170,0,73.972,"[25.091,25.966,22.915]","[0,1,2]"
170,1,68.912,"[22.836,24.481,21.595]","[0,1,2]"
170,2,60.747,"[19.731,21.836,19.18]","[0,1,2]"
170,3,7.341,"[2.918,1.067,3.356]","[0,1,2]"
170,4,3.849,"[1.754,0.0,2.095]","[0,1,2]"
180,0,84.143,"[29.242,25.29,29.611]","[0,1,2]"
180,1,77.543,"[25.832,23.86,27.851]","[0,1,2]"
180,2,67.078,"[20.427,21.79,24.861]","[0,1,2]"
180,3,11.694,"[1.636,5.966,4.092]","[0,1,2]"
180,4,8.105,"[0.666,4.996,2.443]","[0,1,2]"
190,0,128.725,"[62.221,38.533,27.971]","[0,1,2]"
190,1,121.85,"[58.756,36.608,26.486]","[0,1,2]"
190,2,108.51,"[51.741,33.158,23.611]","[0,1,2]"
190,3,15.544,"[5.258,6.455,3.831]","[0,1,2]"
190,4,8.851,"[1.572,5.0,2.279]","[0,1,2]"
200,0,105.226,"[20.64,84.586]","[0,1]"
200,1,99.396,"[18.66,80.736]","[0,1]"
200,2,88.586,"[15.44,73.146]","[0,1]"
200,3,12.433,"[2.583,9.85]","[0,1]"
200,4,6.613,"[1.613,5.0]","[0,1]"
210,0,109.761,"[65.515,44.246]","[1,2]"
210,1,104.096,"[62.49,41.606]","[1,2]"
210,2,93.286,"[56.74,36.546]","[1,2]"
210,3,15.155,"[9.268,5.887]","[1,2]"
210,4,9.917,"[5.0,4.917]","[1,2]"
220,0,77.656,"[30.21,25.683,21.764]","[0,1,2]"
220,1,72.926,"[27.955,24.308,20.664]","[0,1,2]"
220,2,64.531,"[23.93,21.893,18.709]","[0,1,2]"
220,3,12.114,"[2.172,4.091,5.852]","[0,1,2]"
220,4,9.204,"[1.202,3.121,4.882]","[0,1,2]"
230,0,76.076,"[27.622,23.316,25.138]","[0,1,2]"
230,1,70.521,"[24.927,21.996,23.598]","[0,1,2]"
230,2,61.436,"[20.902,19.811,20.723]","[0,1,2]"
230,3,13.964,"[2.111,5.965,5.888]","[0,1,2]"
230,4,11.054,"[1.141,4.995,4.918]","[0,1,2]"
240,0,122.216,"[32.145,30.82,59.251]","[0,1,2]"
240,1,115.396,"[29.67,29.17,56.556]","[0,1,2]"
240,2,102.631,"[25.185,26.18,51.266]","[0,1,2]"
240,3,12.632,"[2.438,1.455,8.739]","[0,1,2]"
240,4,5.939,"[1.08,0.0,4.859]","[0,1,2]"
250,0,80.186,"[29.792,27.229,23.165]","[0,1,2]"
250,1,74.301,"[27.702,25.304,21.295]","[0,1,2]"
250,2,63.606,"[24.137,21.739,17.73]","[0,1,2]"
250,3,9.211,"[2.379,0.97,5.862]","[0,1,2]"
250,4,6.204,"[1.312,0.0,4.892]","[0,1,2]"
260,0,96.612,"[44.497,52.115]","[1,2]"
260,1,130.742,"[39.246,42.187,49.31]","[0,1,2]"
260,2,116.597,"[35.106,37.932,43.56]","[0,1,2]"
260,3,13.741,"[3.458,2.328,7.956]","[0,1,2]"
260,4,6.175,"[1.324,0.0,4.852]","[0,1,2]"
270,0,87.462,"[31.464,19.31,36.688]","[0,1,2]"
270,1,81.027,"[29.044,17.99,33.993]","[0,1,2]"
270,2,69.412,"[25.019,15.805,28.588]","[0,1,2]"
270,3,9.083,"[2.272,0.97,5.841]","[0,1,2]"
270,4,6.173,"[1.302,0.0,4.871]","[0,1,2]"
280,0,84.003,"[26.481,29.916,27.606]","[0,1,2]"
280,1,78.723,"[24.941,28.211,25.571]","[0,1,2]"
280,2,69.523,"[22.296,25.566,21.661]","[0,1,2]"
280,3,14.139,"[2.516,5.786,5.837]","[0,1,2]"
280,4,11.229,"[1.546,4.816,4.867]","[0,1,2]"
290,0,54.992,"[32.037,22.954]","[0,2]"
290,1,71.987,"[28.077,22.715,21.194]","[0,1,2]"
290,2,58.762,"[21.062,19.955,17.744]","[0,1,2]"
290,3,9.312,"[2.271,1.164,5.876]","[0,1,2]"
290,4,6.208,"[1.301,0.0,4.906]","[0,1,2]"
300,0,110.673,"[33.817,76.856]","[0,2]"
300,1,103.798,"[30.792,73.006]","[0,2]"
300,2,116.967,"[25.042,26.739,65.186]","[0,1,2]"
300,3,17.078,"[1.306,5.97,9.802]","[0,1,2]"
300,4,10.288,"[0.336,5.0,4.952]","[0,1,2]"
310,0,88.843,"[27.929,29.941,30.974]","[0,1,2]"
310,1,82.848,"[25.564,28.456,28.829]","[0,1,2]"
310,2,72.383,"[21.654,26.041,24.689]","[0,1,2]"
310,3,14.032,"[1.874,6.261,5.898]","[0,1,2]"
310,4,10.831,"[0.904,5.0,4.928]","[0,1,2]"
320,0,84.743,"[30.516,25.038,29.189]","[0,1,2]"
320,1,79.133,"[28.316,23.498,27.319]","[0,1,2]"
320,2,69.358,"[24.521,20.968,23.869]","[0,1,2]"
320,3,9.029,"[1.774,1.188,6.067]","[0,1,2]"
320,4,5.343,"[0.61,0.024,4.709]","[0,1,2]"
330,0,108.311,"[50.414,28.771,29.126]","[0,1,2]"
330,1,102.096,"[47.664,27.176,27.256]","[0,1,2]"
330,2,91.056,"[42.604,24.761,23.691]","[0,1,2]"
330,3,13.914,"[2.055,5.97,5.889]","[0,1,2]"
330,4,10.81,"[0.988,5.0,4.822]","[0,1,2]"
340,0,91.659,"[35.423,31.944,24.291]","[0,1,2]"
340,1,85.829,"[33.113,30.019,22.696]","[0,1,2]"
340,2,75.249,"[28.858,26.684,19.706]","[0,1,2]"
340,3,8.986,"[2.155,0.97,5.86]","[0,1,2]"
340,4,5.785,"[0.894,0.0,4.89]","[0,1,2]"
350,0,128.911,"[44.642,22.892,61.377]","[0,1,2]"
350,1,121.596,"[42.112,21.572,57.912]","[0,1,2]"
350,2,108.601,"[37.857,19.387,51.357]","[0,1,2]"
350,3,15.635,"[4.231,2.574,8.83]","[0,1,2]"
350,4,8.554,"[2.0,1.604,4.95]","[0,1,2]"
360,0,82.306,"[26.914,21.243,34.149]","[0,1,2]"
360,1,76.476,"[24.714,19.978,31.784]","[0,1,2]"
360,2,66.701,"[21.379,17.793,27.529]","[0,1,2]"
360,3,9.339,"[2.588,0.98,5.771]","[0,1,2]"
360,4,5.847,"[1.036,0.01,4.801]","[0,1,2]"
370,0,89.933,"[36.802,30.862,22.268]","[0,1,2]"
370,1,83.993,"[34.327,29.377,20.288]","[0,1,2]"
370,2,73.413,"[29.957,26.732,16.723]","[0,1,2]"
370,3,15.062,"[3.254,5.963,5.844]","[0,1,2]"
370,4,11.958,"[2.09,4.993,4.874]","[0,1,2]"
380,0,93.397,"[37.232,27.003,29.163]","[0,1,2]"
380,1,87.512,"[34.482,25.463,27.568]","[0,1,2]"
380,2,77.162,"[29.767,22.818,24.578]","[0,1,2]"
380,3,8.921,"[2.075,1.06,5.787]","[0,1,2]"
380,4,5.623,"[1.105,0.09,4.429]","[0,1,2]"
390,0,81.755,"[22.566,36.888,22.3]","[0,1,2]"
390,1,76.695,"[20.971,35.018,20.705]","[0,1,2]"
390,2,67.84,"[18.326,31.683,17.83]","[0,1,2]"
390,3,14.434,"[2.502,5.969,5.962]","[0,1,2]"
390,4,11.33,"[1.338,4.999,4.992]","[0,1,2]"
400,0,92.68,"[27.281,36.663,28.736]","[0,1,2]"
400,1,87.07,"[25.136,34.903,27.031]","[0,1,2]"
400,2,77.525,"[21.916,31.683,23.926]","[0,1,2]"
400,3,14.229,"[2.136,5.969,6.124]","[0,1,2]"
400,4,10.64,"[0.681,4.999,4.96]","[0,1,2]"
410,0,93.796,"[39.798,27.616,26.382]","[0,1,2]"
410,1,88.351,"[37.708,26.186,24.457]","[0,1,2]"
410,2,78.576,"[34.028,23.771,20.777]","[0,1,2]"
410,3,15.28,"[3.369,5.969,5.942]","[0,1,2]"
410,4,11.109,"[1.138,4.999,4.972]","[0,1,2]"
420,0,87.649,"[24.79,24.82,38.039]","[0,1,2]"
420,1,81.599,"[22.315,23.28,36.004]","[0,1,2]"
420,2,70.329,"[17.6,20.75,31.979]","[0,1,2]"
420,3,10.0,"[2.765,0.97,6.265]","[0,1,2]"
420,4,5.635,"[1.504,0.0,4.131]","[0,1,2]"
430,0,95.148,"[19.724,30.445,44.979]","[0,1,2]"
430,1,89.593,"[18.349,28.685,42.559]","[0,1,2]"
430,2,79.933,"[16.394,25.695,37.844]","[0,1,2]"
430,3,10.703,"[2.548,0.97,7.185]","[0,1,2]"
430,4,6.144,"[1.384,0.0,4.76]","[0,1,2]"
440,0,90.381,"[31.386,35.086,23.909]","[0,1,2]"
440,1,84.936,"[29.241,33.271,22.424]","[0,1,2]"
440,2,75.506,"[25.906,30.051,19.549]","[0,1,2]"
440,3,12.21,"[2.17,4.337,5.703]","[0,1,2]"
440,4,8.233,"[0.23,3.367,4.636]","[0,1,2]"
450,0,98.612,"[26.281,29.373,42.958]","[0,1,2]"
450,1,92.947,"[24.521,27.723,40.703]","[0,1,2]"
450,2,83.287,"[21.761,25.078,36.448]","[0,1,2]"
450,3,16.035,"[3.959,5.298,6.778]","[0,1,2]"
450,4,10.991,"[2.504,4.231,4.256]","[0,1,2]"
460,0,109.555,"[55.327,30.809,23.419]","[0,1,2]"
460,1,103.56,"[52.412,29.269,21.879]","[0,1,2]"
460,2,93.095,"[46.892,26.739,19.464]","[0,1,2]"
460,3,18.92,"[7.332,5.97,5.618]","[0,1,2]"
460,4,13.488,"[3.84,5.0,4.648]","[0,1,2]"
470,0,88.052,"[35.343,17.871,34.838]","[0,1,2]"
470,1,83.047,"[33.253,16.771,33.023]","[0,1,2]"
470,2,74.422,"[29.803,14.816,29.803]","[0,1,2]"
470,3,10.137,"[3.1,0.97,6.067]","[0,1,2]"
470,4,5.966,"[0.966,0.0,5.0]","[0,1,2]"
480,0,87.888,"[29.747,28.551,29.59]","[0,1,2]"
480,1,82.663,"[27.767,27.176,27.72]","[0,1,2]"
480,2,73.348,"[24.202,24.761,24.385]","[0,1,2]"
480,3,11.041,"[3.433,5.97,1.638]","[0,1,2]"
480,4,7.258,"[1.59,5.0,0.668]","[0,1,2]"
490,0,150.916,"[66.635,44.855,39.425]","[0,1,2]"
490,1,142.996,"[63.225,42.49,37.28]","[0,1,2]"
490,2,128.276,"[56.555,38.58,33.14]","[0,1,2]"
490,3,19.486,"[7.105,5.943,6.437]","[0,1,2]"
490,4,12.599,"[3.225,4.391,4.982]","[0,1,2]"
500,0,86.501,"[33.044,26.233,27.224]","[0,1,2]"
500,1,81.056,"[30.679,24.968,25.409]","[0,1,2]"
500,2,71.626,"[26.999,22.783,21.844]","[0,1,2]"
500,3,17.231,"[5.241,5.97,6.02]","[0,1,2]"
500,4,13.254,"[3.301,5.0,4.953]","[0,1,2]"
510,0,85.096,"[33.626,32.508,18.962]","[0,1,2]"
510,1,79.926,"[31.536,30.858,17.532]","[0,1,2]"
510,2,71.071,"[27.971,28.213,14.887]","[0,1,2]"
510,3,9.753,"[2.257,6.455,1.041]","[0,1,2]"
510,4,5.679,"[0.608,5.0,0.071]","[0,1,2]"
520,0,88.089,"[28.469,37.662,21.959]","[0,1,2]"
520,1,82.919,"[26.324,35.847,20.749]","[0,1,2]"
520,2,73.719,"[22.414,32.512,18.794]","[0,1,2]"
520,3,14.379,"[3.623,4.82,5.937]","[0,1,2]"
520,4,10.499,"[1.877,3.656,4.967]","[0,1,2]"
530,0,78.465,"[29.56,21.317,27.589]","[0,1,2]"
530,1,73.9,"[27.69,20.437,25.774]","[0,1,2]"
530,2,65.505,"[24.125,18.827,22.554]","[0,1,2]"
530,3,15.066,"[3.356,5.97,5.741]","[0,1,2]"
530,4,11.283,"[1.513,5.0,4.771]","[0,1,2]"
540,0,109.613,"[45.377,64.236]","[0,2]"
540,1,149.924,"[42.682,46.251,60.991]","[0,1,2]"
540,2,134.514,"[37.852,41.881,54.781]","[0,1,2]"
540,3,18.801,"[4.226,6.277,8.298]","[0,1,2]"
540,4,9.877,"[1.219,3.658,5.0]","[0,1,2]"
550,0,75.302,"[26.883,27.193,21.226]","[0,1,2]"
550,1,70.407,"[25.343,25.488,19.576]","[0,1,2]"
550,2,61.897,"[22.353,22.728,16.816]","[0,1,2]"
550,3,5.524,"[3.562,0.97,0.992]","[0,1,2]"
550,4,2.323,"[2.301,0.0,0.022]","[0,1,2]"
560,0,90.384,"[38.619,19.072,32.694]","[0,1,2]"
560,1,85.214,"[36.309,17.972,30.934]","[0,1,2]"
560,2,75.784,"[32.169,15.902,27.714]","[0,1,2]"
560,3,10.51,"[3.488,1.067,5.956]","[0,1,2]"
560,4,6.339,"[1.354,0.0,4.986]","[0,1,2]"
570,0,89.58,"[26.294,31.9,31.386]","[0,1,2]"
570,1,84.3,"[24.699,30.47,29.131]","[0,1,2]"
570,2,74.41,"[21.824,27.825,24.761]","[0,1,2]"
570,3,15.07,"[3.033,6.067,5.97]","[0,1,2]"
570,4,11.578,"[1.578,5.0,5.0]","[0,1,2]"
580,0,76.115,"[30.752,24.732,20.631]","[0,1,2]"
580,1,71.11,"[28.992,23.192,18.926]","[0,1,2]"
580,2,62.6,"[25.772,21.007,15.821]","[0,1,2]"
580,3,9.194,"[5.003,3.205,0.986]","[0,1,2]"
580,4,5.702,"[3.548,2.138,0.016]","[0,1,2]"
590,0,122.371,"[60.804,28.578,32.989]","[0,1,2]"
590,1,115.716,"[57.614,27.093,31.009]","[0,1,2]"
590,2,103.411,"[51.519,24.333,27.559]","[0,1,2]"
590,3,14.401,"[5.036,3.564,5.801]","[0,1,2]"
590,4,9.26,"[1.835,2.594,4.831]","[0,1,2]"
600,0,78.983,"[29.843,24.765,24.375]","[0,1,2]"
600,1,74.088,"[28.083,23.28,22.725]","[0,1,2]"
600,2,65.578,"[25.208,20.75,19.62]","[0,1,2]"
600,3,7.227,"[4.439,0.97,1.818]","[0,1,2]"
600,4,4.026,"[3.178,0.0,0.848]","[0,1,2]"
610,0,86.704,"[30.645,28.49,27.569]","[0,1,2]"
610,1,81.369,"[28.72,27.06,25.589]","[0,1,2]"
610,2,72.054,"[25.5,24.76,21.794]","[0,1,2]"
610,3,15.681,"[3.742,5.969,5.97]","[0,1,2]"
610,4,12.577,"[2.578,4.999,5.0]","[0,1,2]"
620,0,96.611,"[31.611,29.69,35.31]","[0,1,2]"
620,1,90.451,"[29.796,27.985,32.67]","[0,1,2]"
620,2,79.296,"[26.576,24.995,27.725]","[0,1,2]"
620,3,10.066,"[2.84,1.259,5.967]","[0,1,2]"
620,4,6.671,"[1.385,0.289,4.997]","[0,1,2]"
630,0,87.735,"[30.912,31.149,25.674]","[0,1,2]"
630,1,82.29,"[29.152,29.499,23.639]","[0,1,2]"
630,2,73.665,"[26.162,26.739,20.764]","[0,1,2]"
630,3,9.38,"[2.426,5.97,0.984]","[0,1,2]"
630,4,5.694,"[0.68,5.0,0.014]","[0,1,2]"
640,0,106.036,"[50.193,30.904,24.938]","[0,1,2]"
640,1,100.646,"[47.718,29.419,23.508]","[0,1,2]"
640,2,90.411,"[42.888,26.774,20.748]","[0,1,2]"
640,3,18.214,"[6.295,6.005,5.913]","[0,1,2]"
640,4,13.558,"[3.676,4.938,4.943]","[0,1,2]"
650,0,85.737,"[30.363,29.902,25.472]","[0,1,2]"
650,1,80.897,"[28.328,28.362,24.207]","[0,1,2]"
650,2,72.617,"[24.993,25.832,21.792]","[0,1,2]"
650,3,15.255,"[3.235,6.052,5.968]","[0,1,2]"
650,4,11.763,"[1.78,4.985,4.998]","[0,1,2]"
660,0,103.847,"[31.87,49.57,22.407]","[0,1,2]"
660,1,97.742,"[29.945,47.205,20.592]","[0,1,2]"
660,2,87.277,"[26.61,42.835,17.832]","[0,1,2]"
660,3,12.113,"[3.863,7.231,1.019]","[0,1,2]"
660,4,7.069,"[2.02,5.0,0.049]","[0,1,2]"
670,0,94.843,"[42.426,35.675,16.743]","[0,1,2]"
670,1,89.398,"[40.171,33.915,15.313]","[0,1,2]"
670,2,79.853,"[36.031,30.695,13.128]","[0,1,2]"
670,3,12.601,"[5.372,5.97,1.26]","[0,1,2]"
670,4,8.818,"[3.529,5.0,0.29]","[0,1,2]"
680,0,108.306,"[41.88,22.641,43.785]","[0,1,2]"
680,1,102.696,"[39.57,21.541,41.585]","[0,1,2]"
680,2,92.461,"[35.2,19.816,37.445]","[0,1,2]"
680,3,16.308,"[4.541,5.97,5.797]","[0,1,2]"
680,4,10.488,"[2.504,5.0,2.984]","[0,1,2]"
690,0,98.126,"[42.622,25.067,30.437]","[0,1,2]"
690,1,93.176,"[40.587,23.857,28.732]","[0,1,2]"
690,2,84.091,"[36.562,21.787,25.742]","[0,1,2]"
690,3,15.85,"[3.925,5.963,5.962]","[0,1,2]"
690,4,11.291,"[1.306,4.993,4.992]","[0,1,2]"
700,0,113.043,"[41.708,37.297,34.039]","[0,1,2]"
700,1,106.993,"[39.453,35.592,31.949]","[0,1,2]"
700,2,96.068,"[35.428,32.372,28.269]","[0,1,2]"
700,3,15.959,"[4.769,5.669,5.522]","[0,1,2]"
700,4,12.176,"[3.217,4.602,4.358]","[0,1,2]"
710,0,78.16,"[23.109,29.498,25.553]","[0,1,2]"
710,1,73.65,"[21.569,27.793,24.288]","[0,1,2]"
710,2,65.83,"[19.039,24.803,21.988]","[0,1,2]"
710,3,10.446,"[3.215,1.067,6.164]","[0,1,2]"
710,4,7.051,"[2.051,0.0,5.0]","[0,1,2]"
720,0,69.435,"[32.301,37.134]","[1,2]"
720,1,65.53,"[30.486,35.044]","[1,2]"
720,2,58.4,"[27.266,31.134]","[1,2]"
720,3,6.972,"[1.552,5.42]","[1,2]"
720,4,3.868,"[0.0,3.868]","[1,2]"
730,0,67.473,"[26.821,19.182,21.47]","[0,1,2]"
730,1,63.073,"[25.006,17.972,20.095]","[0,1,2]"
730,2,55.598,"[21.786,15.902,17.91]","[0,1,2]"
730,3,10.104,"[2.995,1.067,6.042]","[0,1,2]"
730,4,6.515,"[1.54,0.0,4.975]","[0,1,2]"
740,0,124.25,"[39.777,60.607,23.866]","[0,1,2]"
740,1,117.375,"[37.137,57.802,22.436]","[0,1,2]"
740,2,104.84,"[32.192,52.512,20.136]","[0,1,2]"
740,3,15.83,"[2.522,8.007,5.301]","[0,1,2]"
740,4,10.204,"[0.873,5.0,4.331]","[0,1,2]"
750,0,82.293,"[34.977,24.71,22.606]","[0,1,2]"
750,1,77.453,"[32.997,23.28,21.176]","[0,1,2]"
750,2,68.828,"[29.202,20.75,18.876]","[0,1,2]"
750,3,8.499,"[2.499,0.97,5.03]","[0,1,2]"
750,4,5.007,"[1.141,0.0,3.866]","[0,1,2]"
760,0,87.878,"[34.782,29.679,23.417]","[0,1,2]"
760,1,82.983,"[32.747,28.029,22.207]","[0,1,2]"
760,2,74.013,"[29.067,25.039,19.907]","[0,1,2]"
760,3,12.695,"[4.342,2.292,6.061]","[0,1,2]"
760,4,9.106,"[2.79,1.322,4.994]","[0,1,2]"
770,0,75.415,"[26.931,23.439,25.046]","[0,1,2]"
770,1,70.795,"[25.116,22.064,23.616]","[0,1,2]"
770,2,62.63,"[22.011,19.764,20.856]","[0,1,2]"
770,3,8.235,"[2.231,0.973,5.032]","[0,1,2]"
770,4,4.646,"[0.582,0.003,4.062]","[0,1,2]"
780,0,96.771,"[40.277,33.284,23.21]","[0,1,2]"
780,1,91.601,"[37.912,31.689,22.0]","[0,1,2]"
780,2,81.941,"[33.312,28.814,19.815]","[0,1,2]"
780,3,14.689,"[2.653,6.067,5.969]","[0,1,2]"
780,4,10.518,"[0.519,5.0,4.999]","[0,1,2]"
790,0,122.753,"[38.023,48.453,36.277]","[0,1,2]"
790,1,116.153,"[35.658,46.198,34.297]","[0,1,2]"
790,2,103.848,"[31.288,41.943,30.617]","[0,1,2]"
790,3,15.827,"[2.607,7.328,5.892]","[0,1,2]"
790,4,10.977,"[1.055,5.0,4.922]","[0,1,2]"
800,0,87.054,"[33.589,26.174,27.291]","[0,1,2]"
800,1,81.444,"[31.334,24.689,25.421]","[0,1,2]"
800,2,70.979,"[27.194,21.929,21.856]","[0,1,2]"
800,3,8.672,"[1.48,1.16,6.032]","[0,1,2]"
800,4,5.374,"[0.316,0.093,4.965]","[0,1,2]"
810,0,81.159,"[30.557,30.869,19.733]","[0,1,2]"
810,1,75.824,"[28.522,29.384,17.918]","[0,1,2]"
810,2,66.279,"[24.842,26.739,14.698]","[0,1,2]"
810,3,9.906,"[2.095,5.97,1.841]","[0,1,2]"
810,4,6.317,"[0.543,5.0,0.774]","[0,1,2]"
820,0,99.759,"[39.309,39.564,20.886]","[0,1,2]"
820,1,94.094,"[36.999,37.419,19.676]","[0,1,2]"
820,2,83.974,"[32.859,33.394,17.721]","[0,1,2]"
820,3,9.799,"[2.2,1.746,5.853]","[0,1,2]"
820,4,5.822,"[0.939,0.0,4.883]","[0,1,2]"
830,0,90.919,"[29.32,30.924,30.675]","[0,1,2]"
830,1,85.419,"[27.065,29.384,28.97]","[0,1,2]"
830,2,75.644,"[23.155,26.739,25.75]","[0,1,2]"
830,3,16.304,"[4.364,5.97,5.97]","[0,1,2]"
830,4,12.812,"[2.812,5.0,5.0]","[0,1,2]"
840,0,97.386,"[38.574,28.187,30.625]","[0,1,2]"
840,1,91.446,"[35.989,26.592,28.865]","[0,1,2]"
840,2,81.096,"[31.619,23.717,25.76]","[0,1,2]"
840,3,8.899,"[2.938,0.97,4.991]","[0,1,2]"
840,4,5.504,"[1.483,0.0,4.021]","[0,1,2]"
850,0,82.092,"[34.729,25.892,21.47]","[0,1,2]"
850,1,76.812,"[32.419,24.462,19.93]","[0,1,2]"
850,2,67.037,"[28.279,21.817,16.94]","[0,1,2]"
850,3,7.697,"[1.576,1.048,5.072]","[0,1,2]"
850,4,4.496,"[0.315,0.078,4.102]","[0,1,2]"
860,0,86.315,"[43.496,23.709,19.11]","[0,1,2]"
860,1,80.76,"[40.581,22.334,17.845]","[0,1,2]"
860,2,70.985,"[35.406,19.919,15.66]","[0,1,2]"
860,3,6.7,"[1.78,2.117,2.803]","[0,1,2]"
860,4,3.111,"[0.131,1.147,1.833]","[0,1,2]"
870,0,95.221,"[45.793,25.27,24.158]","[0,1,2]"
870,1,89.941,"[43.208,24.06,22.673]","[0,1,2]"
870,2,80.166,"[38.378,21.875,19.913]","[0,1,2]"
870,3,14.892,"[2.774,6.051,6.067]","[0,1,2]"
870,4,10.624,"[0.64,4.984,5.0]","[0,1,2]"
880,0,79.933,"[30.633,28.606,20.694]","[0,1,2]"
880,1,74.763,"[28.323,27.176,19.264]","[0,1,2]"
880,2,66.023,"[24.413,24.761,16.849]","[0,1,2]"
880,3,13.606,"[1.666,5.97,5.97]","[0,1,2]"
880,4,10.211,"[0.211,5.0,5.0]","[0,1,2]"
890,0,90.86,"[41.884,31.123,17.852]","[0,1,2]"
890,1,84.865,"[38.859,29.583,16.422]","[0,1,2]"
890,2,74.285,"[33.569,26.823,13.892]","[0,1,2]"
890,3,9.011,"[1.921,6.054,1.035]","[0,1,2]"
890,4,5.422,"[0.369,4.987,0.065]","[0,1,2]"
900,0,97.433,"[41.936,28.449,27.048]","[0,1,2]"
900,1,91.768,"[39.186,27.074,25.508]","[0,1,2]"
900,2,81.648,"[34.241,24.659,22.748]","[0,1,2]"
900,3,14.396,"[2.593,5.868,5.935]","[0,1,2]"
900,4,10.225,"[0.362,4.898,4.965]","[0,1,2]"
910,0,90.776,"[34.302,29.536,26.938]","[0,1,2]"
910,1,85.111,"[31.882,28.051,25.178]","[0,1,2]"
910,2,75.106,"[27.742,25.406,21.958]","[0,1,2]"
910,3,13.788,"[2.028,5.626,6.134]","[0,1,2]"
910,4,10.102,"[0.476,4.656,4.97]","[0,1,2]"
920,0,102.359,"[37.678,33.745,30.936]","[0,1,2]"
920,1,95.759,"[34.818,32.095,28.846]","[0,1,2]"
920,2,83.684,"[29.873,29.105,24.706]","[0,1,2]"
920,3,9.509,"[2.181,6.358,0.97]","[0,1,2]"
920,4,5.629,"[0.629,5.0,0.0]","[0,1,2]"
930,0,89.819,"[33.682,25.242,30.894]","[0,1,2]"
930,1,84.264,"[31.427,23.977,28.859]","[0,1,2]"
930,2,74.029,"[27.172,21.792,25.064]","[0,1,2]"
930,3,13.7,"[2.447,5.968,5.284]","[0,1,2]"
930,4,9.917,"[0.604,4.998,4.314]","[0,1,2]"
940,0,93.066,"[40.595,28.242,24.229]","[0,1,2]"
940,1,86.961,"[37.79,26.592,22.579]","[0,1,2]"
940,2,76.266,"[32.73,23.717,19.819]","[0,1,2]"
940,3,9.014,"[2.071,0.97,5.973]","[0,1,2]"
940,4,5.134,"[0.228,0.0,4.906]","[0,1,2]"
950,0,89.018,"[35.082,31.058,22.878]","[0,1,2]"
950,1,83.353,"[32.442,29.573,21.338]","[0,1,2]"
950,2,73.463,"[27.842,26.928,18.693]","[0,1,2]"
950,3,11.156,"[2.128,6.159,2.869]","[0,1,2]"
950,4,7.373,"[0.479,4.995,1.899]","[0,1,2]"
960,0,101.299,"[42.823,33.261,25.215]","[0,1,2]"
960,1,95.359,"[40.128,31.666,23.565]","[0,1,2]"
960,2,84.434,"[34.838,28.791,20.805]","[0,1,2]"
960,3,14.215,"[2.201,6.044,5.97]","[0,1,2]"
960,4,10.432,"[0.455,4.977,5.0]","[0,1,2]"
970,0,92.409,"[44.192,25.035,23.181]","[0,1,2]"
970,1,86.579,"[41.277,23.715,21.586]","[0,1,2]"
970,2,76.459,"[36.447,21.185,18.826]","[0,1,2]"
970,3,12.174,"[2.821,3.383,5.969]","[0,1,2]"
970,4,8.876,"[1.463,2.413,4.999]","[0,1,2]"
980,0,82.99,"[34.943,21.542,26.505]","[0,1,2]"
980,1,77.985,"[32.853,20.277,24.855]","[0,1,2]"
980,2,69.015,"[29.173,17.977,21.865]","[0,1,2]"
980,3,9.675,"[2.47,1.164,6.041]","[0,1,2]"
980,4,6.28,"[1.112,0.194,4.974]","[0,1,2]"
990,0,95.163,"[39.633,27.344,28.187]","[0,1,2]"
990,1,89.553,"[37.103,25.804,26.647]","[0,1,2]"
990,2,79.318,"[32.618,22.929,23.772]","[0,1,2]"
990,3,9.099,"[1.959,1.171,5.97]","[0,1,2]"
990,4,5.51,"[0.504,0.007,5.0]","[0,1,2]"
1000,0,101.074,"[28.478,44.47,28.125]","[0,1,2]"
1000,1,95.574,"[26.663,42.38,26.53]","[0,1,2]"
1000,2,85.684,"[23.443,38.47,23.77]","[0,1,2]"
1000,3,14.476,"[1.685,6.822,5.968]","[0,1,2]"
1000,4,10.208,"[0.327,4.882,4.998]","[0,1,2]"
1010,0,91.348,"[33.331,31.886,26.131]","[0,1,2]"
1010,1,86.013,"[31.131,30.346,24.536]","[0,1,2]"
1010,2,76.698,"[27.336,27.586,21.776]","[0,1,2]"
1010,3,13.402,"[2.611,5.828,4.963]","[0,1,2]"
1010,4,9.813,"[1.059,4.761,3.993]","[0,1,2]"
1020,0,131.011,"[39.498,67.002,24.511]","[0,1,2]"
1020,1,123.696,"[36.968,63.922,22.806]","[0,1,2]"
1020,2,109.896,"[32.138,57.942,19.816]","[0,1,2]"
1020,3,16.93,"[2.468,8.492,5.97]","[0,1,2]"
1020,4,10.916,"[0.916,5.0,5.0]","[0,1,2]"
1030,0,89.961,"[32.04,34.434,23.488]","[0,1,2]"
1030,1,84.461,"[30.06,32.784,21.618]","[0,1,2]"
1030,2,74.686,"[26.61,29.794,18.283]","[0,1,2]"
1030,3,10.401,"[1.885,6.058,2.459]","[0,1,2]"
1030,4,6.909,"[0.43,4.991,1.489]","[0,1,2]"
1040,0,88.672,"[36.693,26.084,25.895]","[0,1,2]"
1040,1,82.292,"[33.668,24.599,24.025]","[0,1,2]"
1040,2,71.137,"[28.378,21.954,20.805]","[0,1,2]"
1040,3,9.819,"[2.664,1.185,5.97]","[0,1,2]"
1040,4,5.648,"[0.53,0.118,5.0]","[0,1,2]"
1050,0,86.216,"[29.949,29.825,26.442]","[0,1,2]"
1050,1,80.276,"[27.199,28.395,24.682]","[0,1,2]"
1050,2,69.581,"[22.484,25.75,21.347]","[0,1,2]"
1050,3,12.219,"[1.715,5.97,4.534]","[0,1,2]"
1050,4,9.018,"[0.454,5.0,3.564]","[0,1,2]"
1060,0,86.584,"[36.014,26.284,24.286]","[0,1,2]"
1060,1,81.249,"[33.759,24.799,22.691]","[0,1,2]"
1060,2,71.474,"[29.734,21.924,19.816]","[0,1,2]"
1060,3,9.167,"[2.042,1.155,5.97]","[0,1,2]"
1060,4,5.772,"[0.587,0.185,5.0]","[0,1,2]"
1070,0,94.349,"[41.013,27.345,25.991]","[0,1,2]"
1070,1,88.299,"[38.263,26.025,24.011]","[0,1,2]"
1070,2,77.719,"[33.548,23.725,20.446]","[0,1,2]"
1070,3,13.434,"[1.9,5.923,5.611]","[0,1,2]"
1070,4,10.039,"[0.445,4.953,4.641]","[0,1,2]"
1080,0,78.297,"[29.003,27.518,21.777]","[0,1,2]"
1080,1,72.852,"[26.858,25.978,20.017]","[0,1,2]"
1080,2,63.077,"[22.948,23.103,17.027]","[0,1,2]"
1080,3,5.715,"[3.168,1.345,1.203]","[0,1,2]"
1080,4,2.32,"[1.713,0.375,0.233]","[0,1,2]"
1090,0,79.991,"[23.766,31.105,25.12]","[0,1,2]"
1090,1,74.931,"[21.841,29.675,23.415]","[0,1,2]"
1090,2,65.961,"[18.736,27.03,20.195]","[0,1,2]"
1090,3,11.566,"[1.923,6.261,3.382]","[0,1,2]"
1090,4,8.074,"[0.662,5.0,2.412]","[0,1,2]"
1100,0,83.363,"[32.941,28.666,21.756]","[0,1,2]"
1100,1,78.743,"[31.126,27.291,20.326]","[0,1,2]"
1100,2,70.233,"[27.791,24.761,17.681]","[0,1,2]"
1100,3,12.871,"[2.077,5.97,4.824]","[0,1,2]"
1100,4,9.379,"[0.525,5.0,3.854]","[0,1,2]"
1110,0,81.497,"[32.733,26.973,21.791]","[0,1,2]"
1110,1,75.942,"[30.423,25.488,20.031]","[0,1,2]"
1110,2,66.052,"[26.513,22.728,16.811]","[0,1,2]"
1110,3,4.734,"[2.777,0.97,0.987]","[0,1,2]"
1110,4,1.533,"[1.516,0.0,0.017]","[0,1,2]"
1120,0,79.679,"[25.258,30.386,24.036]","[0,1,2]"
1120,1,74.839,"[23.498,28.956,22.386]","[0,1,2]"
1120,2,66.444,"[20.853,26.196,19.396]","[0,1,2]"
1120,3,13.038,"[2.062,5.427,5.55]","[0,1,2]"
1120,4,9.643,"[0.607,4.457,4.58]","[0,1,2]"
1130,0,92.697,"[37.719,33.187,21.791]","[0,1,2]"
1130,1,86.812,"[35.244,31.592,19.976]","[0,1,2]"
1130,2,76.692,"[31.219,28.717,16.756]","[0,1,2]"
1130,3,10.429,"[2.538,5.97,1.921]","[0,1,2]"
1130,4,6.937,"[0.986,5.0,0.951]","[0,1,2]"
1140,0,84.419,"[31.147,27.506,25.765]","[0,1,2]"
1140,1,79.414,"[29.057,26.186,24.17]","[0,1,2]"
1140,2,70.674,"[25.492,23.771,21.41]","[0,1,2]"
1140,3,14.301,"[2.745,5.969,5.586]","[0,1,2]"
1140,4,10.615,"[0.999,4.999,4.616]","[0,1,2]"
1150,0,96.935,"[33.021,25.911,38.004]","[0,1,2]"
1150,1,91.16,"[30.876,24.481,35.804]","[0,1,2]"
1150,2,80.58,"[27.081,21.836,31.664]","[0,1,2]"
1150,3,10.361,"[2.356,1.067,6.939]","[0,1,2]"
1150,4,6.19,"[1.192,0.0,4.999]","[0,1,2]"
1160,0,85.457,"[36.46,24.657,24.341]","[0,1,2]"
1160,1,80.067,"[34.095,23.282,22.691]","[0,1,2]"
1160,2,70.407,"[29.84,20.752,19.816]","[0,1,2]"
1160,3,9.089,"[2.148,0.972,5.97]","[0,1,2]"
1160,4,5.791,"[0.79,0.002,5.0]","[0,1,2]"
1170,0,84.803,"[27.017,32.064,25.723]","[0,1,2]"
1170,1,79.138,"[24.707,30.524,23.908]","[0,1,2]"
1170,2,69.248,"[20.797,27.649,20.803]","[0,1,2]"
1170,3,13.864,"[2.006,5.891,5.968]","[0,1,2]"
1170,4,10.76,"[0.842,4.921,4.998]","[0,1,2]"
1180,0,71.422,"[26.552,26.177,18.693]","[0,1,2]"
1180,1,66.307,"[24.407,24.967,16.933]","[0,1,2]"
1180,2,57.452,"[20.842,22.782,13.828]","[0,1,2]"
1180,3,8.991,"[2.051,5.969,0.971]","[0,1,2]"
1180,4,5.596,"[0.596,4.999,0.001]","[0,1,2]"
1190,0,87.066,"[25.376,31.973,29.717]","[0,1,2]"
1190,1,81.291,"[23.396,30.213,27.682]","[0,1,2]"
1190,2,70.941,"[20.291,26.878,23.772]","[0,1,2]"
1190,3,9.623,"[2.489,1.164,5.97]","[0,1,2]"
1190,4,6.228,"[1.228,0.0,5.0]","[0,1,2]"
1200,0,83.365,"[24.394,33.132,25.839]","[0,1,2]"
1200,1,78.14,"[22.524,31.592,24.024]","[0,1,2]"
1200,2,68.71,"[19.189,28.717,20.804]","[0,1,2]"
1200,3,13.326,"[1.387,5.97,5.969]","[0,1,2]"
1200,4,10.125,"[0.126,5.0,4.999]","[0,1,2]"
1210,0,86.18,"[36.954,24.586,24.641]","[0,1,2]"
1210,1,81.065,"[34.974,23.266,22.826]","[0,1,2]"
1210,2,71.98,"[31.524,20.851,19.606]","[0,1,2]"
1210,3,8.684,"[2.843,2.06,3.782]","[0,1,2]"
1210,4,5.095,"[1.194,1.09,2.812]","[0,1,2]"
1220,0,79.023,"[30.638,28.456,19.928]","[0,1,2]"
1220,1,73.963,"[28.603,27.136,18.223]","[0,1,2]"
1220,2,65.108,"[25.038,24.836,15.233]","[0,1,2]"
1220,3,9.724,"[2.291,6.045,1.387]","[0,1,2]"
1220,4,6.135,"[0.739,4.978,0.417]","[0,1,2]"
1230,0,99.778,"[31.26,43.555,24.962]","[0,1,2]"
1230,1,93.673,"[29.225,41.3,23.147]","[0,1,2]"
1230,2,82.288,"[25.43,37.045,19.812]","[0,1,2]"
1230,3,11.08,"[2.683,2.43,5.966]","[0,1,2]"
1230,4,6.327,"[1.325,0.005,4.996]","[0,1,2]"
1240,0,89.255,"[35.014,29.825,24.416]","[0,1,2]"
1240,1,83.26,"[32.594,28.395,22.271]","[0,1,2]"
1240,2,72.565,"[28.454,25.75,18.361]","[0,1,2]"
1240,3,10.258,"[2.74,5.97,1.548]","[0,1,2]"
1240,4,6.96,"[1.382,5.0,0.578]","[0,1,2]"
1250,0,79.468,"[25.577,28.496,25.395]","[0,1,2]"
1250,1,74.408,"[23.817,26.901,23.69]","[0,1,2]"
1250,2,65.438,"[20.942,23.911,20.585]","[0,1,2]"
1250,3,9.065,"[2.151,1.164,5.75]","[0,1,2]"
1250,4,5.379,"[0.599,0.0,4.78]","[0,1,2]"
1260,0,77.819,"[34.812,24.655,18.352]","[0,1,2]"
1260,1,72.924,"[32.942,23.28,16.702]","[0,1,2]"
1260,2,63.954,"[29.377,20.75,13.827]","[0,1,2]"
1260,3,4.614,"[2.674,0.97,0.97]","[0,1,2]"
1260,4,1.122,"[1.122,0.0,0.0]","[0,1,2]"
1270,0,94.534,"[41.499,26.974,26.06]","[0,1,2]"
1270,1,88.704,"[39.024,25.489,24.19]","[0,1,2]"
1270,2,78.124,"[34.539,22.729,20.855]","[0,1,2]"
1270,3,8.894,"[2.891,0.971,5.031]","[0,1,2]"
1270,4,5.402,"[1.339,0.001,4.061]","[0,1,2]"
1280,0,100.205,"[36.08,36.786,27.339]","[0,1,2]"
1280,1,94.21,"[33.77,35.081,25.359]","[0,1,2]"
1280,2,83.86,"[30.09,31.976,21.794]","[0,1,2]"
1280,3,14.63,"[2.398,6.262,5.97]","[0,1,2]"
1280,4,10.362,"[0.555,4.807,5.0]","[0,1,2]"
1290,0,87.492,"[29.656,31.858,25.978]","[0,1,2]"
1290,1,82.212,"[27.731,30.373,24.108]","[0,1,2]"
1290,2,73.127,"[24.626,27.728,20.773]","[0,1,2]"
1290,3,14.776,"[2.868,5.97,5.938]","[0,1,2]"
1290,4,11.284,"[1.316,5.0,4.968]","[0,1,2]"
1300,0,89.521,"[34.832,27.507,27.183]","[0,1,2]"
1300,1,84.406,"[32.907,26.187,25.313]","[0,1,2]"
1300,2,74.976,"[29.457,23.772,21.748]","[0,1,2]"
1300,3,13.658,"[1.765,5.97,5.924]","[0,1,2]"
1300,4,10.069,"[0.116,5.0,4.954]","[0,1,2]"
1310,0,81.316,"[31.258,24.825,25.233]","[0,1,2]"
1310,1,75.706,"[29.058,23.395,23.253]","[0,1,2]"
1310,2,66.161,"[25.608,20.75,19.803]","[0,1,2]"
1310,3,8.799,"[1.872,0.97,5.957]","[0,1,2]"
1310,4,5.404,"[0.417,0.0,4.987]","[0,1,2]"
1320,0,91.145,"[35.268,29.922,25.955]","[0,1,2]"
1320,1,85.59,"[32.958,28.492,24.14]","[0,1,2]"
1320,2,75.24,"[28.588,25.847,20.805]","[0,1,2]"
1320,3,13.922,"[1.885,6.067,5.97]","[0,1,2]"
1320,4,10.236,"[0.236,5.0,5.0]","[0,1,2]"
1330,0,84.855,"[29.439,28.302,27.114]","[0,1,2]"
1330,1,79.74,"[27.789,26.707,25.244]","[0,1,2]"
1330,2,70.425,"[24.914,23.717,21.794]","[0,1,2]"
1330,3,10.096,"[3.156,0.97,5.97]","[0,1,2]"
1330,4,6.604,"[1.604,0.0,5.0]","[0,1,2]"
1340,0,82.375,"[33.453,22.337,26.585]","[0,1,2]"
1340,1,77.095,"[31.143,21.072,24.88]","[0,1,2]"
1340,2,67.435,"[26.888,18.772,21.775]","[0,1,2]"
1340,3,9.084,"[2.163,0.97,5.951]","[0,1,2]"
1340,4,5.883,"[0.902,0.0,4.981]","[0,1,2]"
1350,0,77.14,"[25.073,24.838,27.229]","[0,1,2]"
1350,1,72.245,"[23.478,23.408,25.359]","[0,1,2]"
1350,2,63.62,"[21.063,20.763,21.794]","[0,1,2]"
1350,3,10.214,"[3.261,0.983,5.97]","[0,1,2]"
1350,4,6.916,"[1.903,0.013,5.0]","[0,1,2]"
1360,0,85.018,"[31.92,27.204,25.894]","[0,1,2]"
1360,1,79.628,"[29.94,25.664,24.024]","[0,1,2]"
1360,2,70.083,"[26.49,22.789,20.804]","[0,1,2]"
1360,3,9.754,"[2.754,1.031,5.969]","[0,1,2]"
1360,4,6.65,"[1.59,0.061,4.999]","[0,1,2]"
1370,0,80.111,"[27.926,26.71,25.476]","[0,1,2]"
1370,1,74.831,"[25.891,25.28,23.661]","[0,1,2]"
1370,2,65.631,"[22.671,22.635,20.326]","[0,1,2]"
1370,3,9.258,"[1.902,1.866,5.491]","[0,1,2]"
1370,4,5.766,"[0.35,0.896,4.521]","[0,1,2]"
1380,0,99.082,"[37.594,37.07,24.418]","[0,1,2]"
1380,1,93.032,"[35.064,35.31,22.658]","[0,1,2]"
1380,2,82.107,"[30.464,31.975,19.668]","[0,1,2]"
1380,3,13.866,"[1.783,6.261,5.822]","[0,1,2]"
1380,4,10.18,"[0.328,5.0,4.852]","[0,1,2]"
1390,0,83.254,"[30.182,27.742,25.33]","[0,1,2]"
1390,1,77.809,"[27.927,26.202,23.68]","[0,1,2]"
1390,2,68.264,"[24.132,23.327,20.805]","[0,1,2]"
1390,3,9.913,"[2.374,1.569,5.97]","[0,1,2]"
1390,4,6.712,"[1.113,0.599,5.0]","[0,1,2]"
1400,0,85.096,"[31.877,33.485,19.734]","[0,1,2]"
1400,1,79.981,"[29.952,31.89,18.139]","[0,1,2]"
1400,2,70.781,"[26.502,28.9,15.379]","[0,1,2]"
1400,3,10.452,"[2.766,6.153,1.533]","[0,1,2]"
1400,4,6.475,"[0.923,4.989,0.563]","[0,1,2]"
1410,0,81.35,"[29.788,25.019,26.544]","[0,1,2]"
1410,1,76.29,"[27.918,23.589,24.784]","[0,1,2]"
1410,2,67.435,"[24.698,20.944,21.794]","[0,1,2]"
1410,3,9.084,"[1.951,1.164,5.97]","[0,1,2]"
1410,4,5.204,"[0.205,0.0,5.0]","[0,1,2]"
1420,0,78.151,"[29.952,28.133,20.066]","[0,1,2]"
1420,1,73.091,"[28.027,26.593,18.471]","[0,1,2]"
1420,2,64.236,"[24.692,23.718,15.826]","[0,1,2]"
1420,3,3.907,"[1.945,0.971,0.991]","[0,1,2]"
1420,4,0.512,"[0.49,0.001,0.021]","[0,1,2]"
1430,0,81.09,"[30.763,25.112,25.215]","[0,1,2]"
1430,1,75.975,"[28.673,23.737,23.565]","[0,1,2]"
1430,2,67.58,"[25.453,21.322,20.805]","[0,1,2]"
1430,3,10.218,"[1.717,2.531,5.97]","[0,1,2]"
1430,4,6.629,"[0.165,1.464,5.0]","[0,1,2]"
1440,0,86.831,"[35.165,28.147,23.519]","[0,1,2]"
1440,1,81.166,"[33.02,26.607,21.539]","[0,1,2]"
1440,2,70.931,"[29.225,23.732,17.974]","[0,1,2]"
1440,3,4.668,"[2.522,0.985,1.161]","[0,1,2]"
1440,4,1.273,"[1.067,0.015,0.191]","[0,1,2]"
1450,0,82.063,"[29.343,27.397,25.324]","[0,1,2]"
1450,1,77.278,"[27.803,25.912,23.564]","[0,1,2]"
1450,2,69.228,"[25.273,23.152,20.804]","[0,1,2]"
1450,3,11.866,"[4.504,1.394,5.969]","[0,1,2]"
1450,4,8.568,"[3.243,0.327,4.999]","[0,1,2]"
1460,0,82.765,"[27.165,29.652,25.948]","[0,1,2]"
1460,1,77.76,"[25.46,28.277,24.023]","[0,1,2]"
1460,2,69.48,"[22.93,25.747,20.803]","[0,1,2]"
1460,3,15.085,"[3.15,5.967,5.968]","[0,1,2]"
1460,4,11.69,"[1.695,4.997,4.998]","[0,1,2]"
1470,0,75.105,"[27.446,22.507,25.152]","[0,1,2]"
1470,1,70.045,"[25.411,21.187,23.447]","[0,1,2]"
1470,2,61.535,"[22.191,18.772,20.572]","[0,1,2]"
1470,3,8.129,"[1.422,0.97,5.737]","[0,1,2]"
1470,4,4.928,"[0.161,0.0,4.767]","[0,1,2]"
1480,0,72.348,"[26.849,27.202,18.297]","[0,1,2]"
1480,1,67.288,"[24.924,25.662,16.702]","[0,1,2]"
1480,2,58.318,"[21.704,22.787,13.827]","[0,1,2]"
1480,3,4.912,"[2.913,1.029,0.97]","[0,1,2]"
1480,4,1.614,"[1.555,0.059,0.0]","[0,1,2]"
1490,0,77.459,"[24.282,28.496,24.681]","[0,1,2]"
1490,1,72.509,"[22.412,27.176,22.921]","[0,1,2]"
1490,2,64.459,"[19.882,24.761,19.816]","[0,1,2]"
1490,3,15.009,"[3.069,5.97,5.97]","[0,1,2]"
1490,4,11.614,"[1.614,5.0,5.0]","[0,1,2]"
1500,0,87.979,"[28.419,35.547,24.013]","[0,1,2]"
1500,1,82.754,"[26.439,33.897,22.418]","[0,1,2]"
1500,2,73.324,"[22.989,30.792,19.543]","[0,1,2]"
1500,3,15.962,"[4.198,6.067,5.697]","[0,1,2]"
1500,4,12.664,"[2.937,5.0,4.727]","[0,1,2]"
1510,0,79.921,"[30.593,29.468,19.86]","[0,1,2]"
1510,1,74.586,"[28.668,27.818,18.1]","[0,1,2]"
1510,2,65.041,"[25.448,24.713,14.88]","[0,1,2]"
1510,3,4.712,"[2.701,0.977,1.034]","[0,1,2]"
1510,4,1.511,"[1.44,0.007,0.064]","[0,1,2]"
1520,0,82.415,"[25.89,31.081,25.444]","[0,1,2]"
1520,1,77.245,"[23.855,29.596,23.794]","[0,1,2]"
1520,2,67.93,"[20.29,26.836,20.804]","[0,1,2]"
1520,3,13.535,"[1.499,6.067,5.969]","[0,1,2]"
1520,4,10.237,"[0.238,5.0,4.999]","[0,1,2]"
1530,0,98.079,"[42.147,27.947,27.985]","[0,1,2]"
1530,1,92.029,"[39.397,26.517,26.115]","[0,1,2]"
1530,2,80.874,"[34.222,23.872,22.78]","[0,1,2]"
1530,3,11.644,"[1.585,4.092,5.967]","[0,1,2]"
1530,4,8.443,"[0.421,3.025,4.997]","[0,1,2]"
1540,0,81.302,"[25.119,31.842,24.341]","[0,1,2]"
1540,1,75.967,"[22.974,30.302,22.691]","[0,1,2]"
1540,2,66.422,"[19.179,27.427,19.816]","[0,1,2]"
1540,3,14.005,"[2.366,5.669,5.97]","[0,1,2]"
1540,4,10.901,"[1.202,4.699,5.0]","[0,1,2]"
1550,0,83.254,"[29.931,27.028,26.295]","[0,1,2]"
1550,1,77.754,"[27.896,25.488,24.37]","[0,1,2]"
1550,2,67.979,"[24.446,22.728,20.805]","[0,1,2]"
1550,3,8.639,"[1.699,0.97,5.97]","[0,1,2]"
1550,4,5.147,"[0.147,0.0,5.0]","[0,1,2]"
1560,0,82.055,"[29.587,28.407,24.061]","[0,1,2]"
1560,1,76.995,"[27.552,26.867,22.576]","[0,1,2]"
1560,2,68.14,"[24.217,24.107,19.816]","[0,1,2]"
1560,3,9.789,"[2.459,1.36,5.97]","[0,1,2]"
1560,4,6.297,"[1.295,0.002,5.0]","[0,1,2]"
1570,0,76.133,"[25.682,28.61,21.841]","[0,1,2]"
1570,1,71.183,"[23.867,27.29,20.026]","[0,1,2]"
1570,2,62.328,"[20.762,24.76,16.806]","[0,1,2]"
1570,3,8.922,"[1.971,5.969,0.982]","[0,1,2]"
1570,4,5.527,"[0.516,4.999,0.012]","[0,1,2]"
1580,0,85.323,"[29.715,32.197,23.412]","[0,1,2]"
1580,1,80.208,"[27.735,30.657,21.817]","[0,1,2]"
1580,2,71.008,"[24.4,27.782,18.827]","[0,1,2]"
1580,3,13.646,"[1.653,6.024,5.97]","[0,1,2]"
1580,4,10.251,"[0.295,4.957,5.0]","[0,1,2]"
1590,0,92.319,"[24.319,42.215,25.785]","[0,1,2]"
1590,1,86.874,"[22.559,40.29,24.025]","[0,1,2]"
1590,2,76.984,"[19.569,36.61,20.805]","[0,1,2]"
1590,3,14.677,"[1.767,6.94,5.97]","[0,1,2]"
1590,4,10.7,"[0.7,5.0,5.0]","[0,1,2]"
1600,0,98.082,"[32.822,45.813,19.447]","[0,1,2]"
1600,1,91.922,"[30.567,43.503,17.852]","[0,1,2]"
1600,2,80.537,"[26.657,39.018,14.862]","[0,1,2]"
1600,3,6.362,"[2.921,2.425,1.016]","[0,1,2]"
1600,4,1.706,"[1.66,0.0,0.046]","[0,1,2]"
1610,0,92.001,"[30.457,27.338,34.206]","[0,1,2]"
1610,1,86.171,"[28.312,25.853,32.006]","[0,1,2]"
1610,2,75.706,"[24.632,23.093,27.981]","[0,1,2]"
1610,3,10.432,"[1.885,2.324,6.223]","[0,1,2]"
1610,4,6.552,"[0.721,1.257,4.574]","[0,1,2]"
1620,0,89.625,"[33.436,28.302,27.887]","[0,1,2]"
1620,1,84.07,"[31.291,26.707,26.072]","[0,1,2]"
1620,2,73.95,"[27.496,23.717,22.737]","[0,1,2]"
1620,3,8.676,"[1.782,0.97,5.924]","[0,1,2]"
1620,4,5.281,"[0.327,0.0,4.954]","[0,1,2]"
1630,0,92.595,"[37.349,29.461,25.785]","[0,1,2]"
1630,1,86.435,"[34.599,27.811,24.025]","[0,1,2]"
1630,2,75.05,"[29.539,24.706,20.805]","[0,1,2]"
1630,3,8.787,"[1.847,0.97,5.97]","[0,1,2]"
1630,4,5.392,"[0.392,0.0,5.0]","[0,1,2]"
1640,0,81.479,"[31.315,28.343,21.821]","[0,1,2]"
1640,1,75.869,"[29.17,26.748,19.951]","[0,1,2]"
1640,2,66.209,"[25.605,23.758,16.846]","[0,1,2]"
1640,3,5.88,"[1.869,1.011,3.0]","[0,1,2]"
1640,4,2.679,"[0.608,0.041,2.03]","[0,1,2]"
1650,0,93.906,"[43.646,29.637,20.623]","[0,1,2]"
1650,1,88.296,"[41.116,28.262,18.918]","[0,1,2]"
1650,2,78.176,"[36.631,25.732,15.813]","[0,1,2]"
1650,3,8.946,"[2.016,5.952,0.978]","[0,1,2]"
1650,4,5.454,"[0.464,4.982,0.008]","[0,1,2]"
1660,0,91.236,"[32.259,34.555,24.422]","[0,1,2]"
1660,1,85.296,"[29.729,32.905,22.662]","[0,1,2]"
1660,2,74.486,"[25.129,29.8,19.557]","[0,1,2]"
1660,3,13.168,"[1.393,6.064,5.711]","[0,1,2]"
1660,4,9.967,"[0.229,4.997,4.741]","[0,1,2]"
1670,0,91.103,"[32.738,32.133,26.232]","[0,1,2]"
1670,1,85.713,"[30.483,30.593,24.637]","[0,1,2]"
1670,2,76.053,"[26.458,27.833,21.762]","[0,1,2]"
1670,3,13.746,"[1.733,6.075,5.938]","[0,1,2]"
1670,4,10.448,"[0.569,4.911,4.968]","[0,1,2]"
1680,0,95.237,"[38.334,33.382,23.521]","[0,1,2]"
1680,1,89.352,"[35.914,31.567,21.871]","[0,1,2]"
1680,2,78.312,"[31.429,28.117,18.766]","[0,1,2]"
1680,3,9.082,"[1.759,1.414,5.909]","[0,1,2]"
1680,4,5.202,"[0.207,0.056,4.939]","[0,1,2]"
1690,0,89.41,"[22.636,38.617,28.156]","[0,1,2]"
1690,1,84.13,"[21.096,36.802,26.231]","[0,1,2]"
1690,2,74.585,"[18.451,33.352,22.781]","[0,1,2]"
1690,3,14.256,"[1.638,6.649,5.968]","[0,1,2]"
1690,4,10.376,"[0.377,5.0,4.998]","[0,1,2]"
1700,0,80.559,"[31.773,29.291,19.495]","[0,1,2]"
1700,1,75.499,"[29.958,27.696,17.845]","[0,1,2]"
1700,2,66.529,"[26.853,24.706,14.97]","[0,1,2]"
1700,3,6.2,"[4.106,0.97,1.124]","[0,1,2]"
1700,4,2.999,"[2.845,0.0,0.154]","[0,1,2]"
1710,0,90.921,"[29.942,31.177,29.802]","[0,1,2]"
1710,1,85.421,"[27.907,29.692,27.822]","[0,1,2]"
1710,2,75.531,"[24.342,26.932,24.257]","[0,1,2]"
1710,3,15.202,"[2.584,6.163,6.455]","[0,1,2]"
1710,4,11.322,"[1.323,4.999,5.0]","[0,1,2]"
1720,0,85.65,"[31.628,33.397,20.624]","[0,1,2]"
1720,1,80.48,"[29.758,31.802,18.919]","[0,1,2]"
1720,2,71.165,"[26.538,28.812,15.814]","[0,1,2]"
1720,3,8.858,"[1.813,6.065,0.979]","[0,1,2]"
1720,4,5.657,"[0.649,4.998,0.009]","[0,1,2]"
1730,0,90.331,"[31.542,33.229,25.56]","[0,1,2]"
1730,1,85.161,"[29.727,31.689,23.745]","[0,1,2]"
1730,2,75.616,"[26.507,28.814,20.295]","[0,1,2]"
1730,3,11.331,"[2.771,6.067,2.493]","[0,1,2]"
1730,4,7.839,"[1.316,5.0,1.523]","[0,1,2]"
1740,0,62.578,"[36.739,25.839]","[0,2]"
1740,1,88.586,"[34.154,30.408,24.024]","[0,1,2]"
1740,2,77.661,"[29.439,27.418,20.804]","[0,1,2]"
1740,3,11.398,"[1.747,3.682,5.969]","[0,1,2]"
1740,4,7.906,"[0.195,2.712,4.999]","[0,1,2]"
1750,0,87.777,"[25.405,31.707,30.665]","[0,1,2]"
1750,1,82.167,"[23.315,30.002,28.85]","[0,1,2]"
1750,2,72.047,"[19.635,26.782,25.63]","[0,1,2]"
1750,3,8.751,"[1.833,1.068,5.85]","[0,1,2]"
1750,4,5.55,"[0.572,0.098,4.88]","[0,1,2]"
1760,0,84.446,"[35.517,27.149,21.78]","[0,1,2]"
1760,1,78.836,"[33.262,25.664,19.91]","[0,1,2]"
1760,2,68.946,"[29.467,22.904,16.575]","[0,1,2]"
1760,3,5.65,"[1.775,1.146,2.729]","[0,1,2]"
1760,4,2.255,"[0.32,0.176,1.759]","[0,1,2]"
1770,0,82.566,"[25.041,30.868,26.658]","[0,1,2]"
1770,1,78.001,"[23.721,29.383,24.898]","[0,1,2]"
1770,2,69.836,"[21.306,26.738,21.793]","[0,1,2]"
1770,3,14.452,"[2.515,5.969,5.969]","[0,1,2]"
1770,4,11.348,"[1.351,4.999,4.999]","[0,1,2]"
1780,0,72.882,"[25.723,26.052,21.108]","[0,1,2]"
1780,1,67.162,"[23.358,24.567,19.238]","[0,1,2]"
1780,2,57.502,"[19.793,21.807,15.903]","[0,1,2]"
1780,3,4.096,"[1.991,1.038,1.068]","[0,1,2]"
1780,4,0.798,"[0.73,0.068,0.001]","[0,1,2]"
1790,0,79.482,"[33.115,27.14,19.226]","[0,1,2]"
1790,1,74.147,"[30.97,25.6,17.576]","[0,1,2]"
1790,2,64.717,"[27.06,22.84,14.816]","[0,1,2]"
1790,3,5.377,"[3.324,1.082,0.97]","[0,1,2]"
1790,4,1.497,"[1.384,0.112,0.0]","[0,1,2]"
1800,0,92.306,"[38.308,29.825,24.173]","[0,1,2]"
1800,1,86.861,"[35.888,28.395,22.578]","[0,1,2]"
1800,2,77.086,"[31.633,25.75,19.703]","[0,1,2]"
1800,3,13.79,"[1.963,5.97,5.857]","[0,1,2]"
1800,4,10.492,"[0.605,5.0,4.887]","[0,1,2]"
1810,0,80.913,"[28.892,27.391,24.631]","[0,1,2]"
1810,1,75.853,"[26.912,26.071,22.871]","[0,1,2]"
1810,2,67.113,"[23.577,23.771,19.766]","[0,1,2]"
1810,3,13.707,"[1.819,5.969,5.92]","[0,1,2]"
1810,4,10.409,"[0.461,4.999,4.95]","[0,1,2]"
1820,0,60.746,"[35.699,25.047]","[1,2]"
1820,1,57.281,"[33.994,23.287]","[1,2]"
1820,2,50.956,"[30.889,20.067]","[1,2]"
1820,3,10.407,"[6.164,4.243]","[1,2]"
1820,4,8.273,"[5.0,3.273]","[1,2]"
1830,0,85.428,"[34.331,29.825,21.271]","[0,1,2]"
1830,1,79.983,"[32.021,28.395,19.566]","[0,1,2]"
1830,2,70.093,"[27.881,25.75,16.461]","[0,1,2]"
1830,3,10.753,"[2.167,5.97,2.615]","[0,1,2]"
1830,4,7.261,"[0.615,5.0,1.645]","[0,1,2]"
1840,0,83.178,"[30.021,28.496,24.661]","[0,1,2]"
1840,1,77.953,"[27.931,27.176,22.846]","[0,1,2]"
1840,2,68.523,"[24.136,24.761,19.626]","[0,1,2]"
1840,3,11.161,"[1.389,5.97,3.802]","[0,1,2]"
1840,4,7.96,"[0.128,5.0,2.832]","[0,1,2]"
1850,0,87.892,"[34.567,31.04,22.285]","[0,1,2]"
1850,1,82.282,"[32.422,29.39,20.47]","[0,1,2]"
1850,2,72.162,"[28.742,26.285,17.135]","[0,1,2]"
1850,3,4.91,"[2.039,1.56,1.311]","[0,1,2]"
1850,4,1.224,"[0.778,0.105,0.341]","[0,1,2]"
1860,0,82.868,"[29.807,30.964,22.097]","[0,1,2]"
1860,1,77.753,"[27.827,29.479,20.447]","[0,1,2]"
1860,2,68.438,"[24.262,26.719,17.457]","[0,1,2]"
1860,3,10.087,"[2.504,5.95,1.633]","[0,1,2]"
1860,4,6.789,"[1.146,4.98,0.663]","[0,1,2]"
1870,0,88.293,"[41.661,23.708,22.924]","[0,1,2]"
1870,1,82.793,"[39.131,22.333,21.329]","[0,1,2]"
1870,2,72.673,"[34.531,19.803,18.339]","[0,1,2]"
1870,3,4.432,"[1.894,1.012,1.526]","[0,1,2]"
1870,4,0.94,"[0.342,0.042,0.556]","[0,1,2]"
1880,0,85.946,"[36.974,27.146,21.827]","[0,1,2]"
1880,1,80.116,"[34.444,25.606,20.067]","[0,1,2]"
1880,2,69.996,"[30.419,22.731,16.847]","[0,1,2]"
1880,3,5.711,"[2.727,0.973,2.012]","[0,1,2]"
1880,4,1.443,"[0.399,0.003,1.042]","[0,1,2]"
1890,0,92.846,"[35.033,29.71,28.103]","[0,1,2]"
1890,1,87.181,"[32.668,28.28,26.233]","[0,1,2]"
1890,2,77.061,"[28.528,25.75,22.783]","[0,1,2]"
1890,3,13.765,"[1.825,5.97,5.97]","[0,1,2]"
1890,4,10.467,"[0.467,5.0,5.0]","[0,1,2]"
1900,0,94.887,"[34.539,35.911,24.437]","[0,1,2]"
1900,1,88.892,"[31.899,34.206,22.787]","[0,1,2]"
1900,2,78.312,"[27.529,30.986,19.797]","[0,1,2]"
1900,3,14.027,"[1.815,6.261,5.951]","[0,1,2]"
1900,4,10.244,"[0.263,5.0,4.981]","[0,1,2]"
1910,0,90.364,"[37.45,33.229,19.685]","[0,1,2]"
1910,1,85.029,"[35.36,31.689,17.98]","[0,1,2]"
1910,2,75.254,"[31.565,28.814,14.875]","[0,1,2]"
1910,3,10.969,"[3.873,6.067,1.029]","[0,1,2]"
1910,4,7.38,"[2.321,5.0,0.059]","[0,1,2]"
1920,0,88.174,"[32.882,28.58,26.712]","[0,1,2]"
1920,1,82.729,"[30.572,27.26,24.897]","[0,1,2]"
1920,2,73.069,"[26.547,24.73,21.792]","[0,1,2]"
1920,3,13.729,"[1.822,5.939,5.968]","[0,1,2]"
1920,4,10.334,"[0.367,4.969,4.998]","[0,1,2]"
1930,0,88.526,"[26.115,37.785,24.626]","[0,1,2]"
1930,1,82.916,"[24.025,35.97,22.921]","[0,1,2]"
1930,2,73.026,"[20.69,32.52,19.816]","[0,1,2]"
1930,3,13.686,"[1.899,5.817,5.97]","[0,1,2]"
1930,4,9.903,"[0.541,4.362,5.0]","[0,1,2]"
1940,0,85.089,"[31.454,29.291,24.344]","[0,1,2]"
1940,1,79.864,"[29.364,27.696,22.804]","[0,1,2]"
1940,2,69.974,"[25.454,24.706,19.814]","[0,1,2]"
1940,3,9.645,"[2.707,0.97,5.968]","[0,1,2]"
1940,4,6.347,"[1.349,0.0,4.998]","[0,1,2]"
1950,0,87.982,"[28.744,33.229,26.01]","[0,1,2]"
1950,1,82.537,"[26.709,31.689,24.14]","[0,1,2]"
1950,2,72.992,"[23.374,28.814,20.805]","[0,1,2]"
1950,3,13.652,"[1.616,6.067,5.97]","[0,1,2]"
1950,4,10.354,"[0.355,5.0,5.0]","[0,1,2]"
1960,0,92.401,"[33.345,32.24,26.817]","[0,1,2]"
1960,1,87.066,"[31.365,30.7,25.002]","[0,1,2]"
1960,2,77.406,"[27.915,27.825,21.667]","[0,1,2]"
1960,3,14.11,"[2.201,6.067,5.843]","[0,1,2]"
1960,4,10.618,"[0.746,5.0,4.873]","[0,1,2]"
1970,0,82.624,"[26.981,30.961,24.681]","[0,1,2]"
1970,1,77.344,"[24.946,29.476,22.921]","[0,1,2]"
1970,2,67.684,"[21.151,26.716,19.816]","[0,1,2]"
1970,3,13.289,"[1.371,5.947,5.97]","[0,1,2]"
1970,4,10.185,"[0.207,4.977,5.0]","[0,1,2]"
1980,0,89.932,"[34.353,31.01,24.569]","[0,1,2]"
1980,1,84.102,"[31.878,29.305,22.919]","[0,1,2]"
1980,2,73.637,"[27.738,26.085,19.814]","[0,1,2]"
1980,3,9.352,"[2.024,1.36,5.968]","[0,1,2]"
1980,4,5.666,"[0.666,0.002,4.998]","[0,1,2]"
1990,0,95.64,"[41.37,29.71,24.561]","[0,1,2]"
1990,1,89.48,"[38.4,28.28,22.801]","[0,1,2]"
1990,2,78.67,"[33.11,25.75,19.811]","[0,1,2]"
1990,3,14.385,"[2.451,5.97,5.965]","[0,1,2]"
1990,4,10.99,"[0.996,5.0,4.995]","[0,1,2]"
2000,0,84.133,"[28.719,29.661,25.753]","[0,1,2]"
2000,1,78.633,"[26.684,28.011,23.938]","[0,1,2]"
2000,2,68.973,"[23.464,24.906,20.603]","[0,1,2]"
2000,3,8.644,"[1.706,1.17,5.768]","[0,1,2]"
2000,4,5.152,"[0.348,0.006,4.798]","[0,1,2]"
2010,0,76.648,"[23.608,26.801,26.239]","[0,1,2]"
2010,1,71.478,"[21.793,25.316,24.369]","[0,1,2]"
2010,2,61.933,"[18.573,22.556,20.804]","[0,1,2]"
2010,3,10.505,"[1.76,2.776,5.969]","[0,1,2]"
2010,4,7.304,"[0.499,1.806,4.999]","[0,1,2]"
2020,0,80.866,"[23.296,32.295,25.275]","[0,1,2]"
2020,1,75.421,"[21.041,30.7,23.68]","[0,1,2]"
2020,2,66.681,"[18.051,27.825,20.805]","[0,1,2]"
2020,3,14.264,"[2.227,6.067,5.97]","[0,1,2]"
2020,4,11.063,"[1.063,5.0,5.0]","[0,1,2]"
2030,0,60.698,"[33.359,27.339]","[0,2]"
2030,1,81.511,"[30.664,25.488,25.359]","[0,1,2]"
2030,2,70.356,"[25.834,22.728,21.794]","[0,1,2]"
2030,3,9.038,"[2.098,0.97,5.97]","[0,1,2]"
2030,4,5.546,"[0.546,0.0,5.0]","[0,1,2]"
2040,0,78.184,"[24.734,27.186,26.264]","[0,1,2]"
2040,1,73.069,"[22.754,25.646,24.669]","[0,1,2]"
2040,2,63.984,"[19.419,22.771,21.794]","[0,1,2]"
2040,3,8.6,"[1.617,1.013,5.97]","[0,1,2]"
2040,4,5.496,"[0.453,0.043,5.0]","[0,1,2]"
2050,0,81.045,"[30.917,24.655,25.473]","[0,1,2]"
2050,1,75.6,"[28.607,23.28,23.713]","[0,1,2]"
2050,2,65.595,"[24.122,20.75,20.723]","[0,1,2]"
2050,3,9.222,"[2.364,0.97,5.888]","[0,1,2]"
2050,4,5.827,"[0.909,0.0,4.918]","[0,1,2]"
2060,0,91.544,"[36.749,27.028,27.767]","[0,1,2]"
2060,1,85.659,"[34.274,25.488,25.897]","[0,1,2]"
2060,2,75.194,"[29.789,22.728,22.677]","[0,1,2]"
2060,3,8.931,"[2.097,0.97,5.864]","[0,1,2]"
2060,4,5.439,"[0.545,0.0,4.894]","[0,1,2]"
2070,0,81.724,"[25.804,33.861,22.059]","[0,1,2]"
2070,1,76.279,"[23.879,32.266,20.134]","[0,1,2]"
2070,2,66.734,"[20.659,29.276,16.799]","[0,1,2]"
2070,3,8.383,"[1.868,5.54,0.975]","[0,1,2]"
2070,4,4.794,"[0.413,4.376,0.005]","[0,1,2]"
2080,0,88.459,"[33.915,29.811,24.733]","[0,1,2]"
2080,1,83.069,"[31.66,28.381,23.028]","[0,1,2]"
2080,2,73.869,"[27.98,25.736,20.153]","[0,1,2]"
2080,3,14.529,"[3.255,5.956,5.318]","[0,1,2]"
2080,4,11.037,"[1.703,4.986,4.348]","[0,1,2]"
2090,0,84.395,"[25.995,34.291,24.11]","[0,1,2]"
2090,1,79.445,"[24.18,32.696,22.57]","[0,1,2]"
2090,2,70.705,"[21.305,29.706,19.695]","[0,1,2]"
2090,3,14.332,"[2.514,5.97,5.849]","[0,1,2]"
2090,4,11.034,"[1.156,5.0,4.879]","[0,1,2]"
2100,0,89.389,"[37.858,28.35,23.181]","[0,1,2]"
2100,1,84.109,"[35.713,26.81,21.586]","[0,1,2]"
2100,2,74.449,"[31.688,23.935,18.826]","[0,1,2]"
2100,3,11.153,"[3.996,1.188,5.969]","[0,1,2]"
2100,4,7.564,"[2.347,0.218,4.999]","[0,1,2]"
2110,0,101.745,"[42.554,35.959,23.233]","[0,1,2]"
2110,1,95.475,"[39.694,34.199,21.583]","[0,1,2]"
2110,2,84.55,"[34.749,30.979,18.823]","[0,1,2]"
2110,3,13.342,"[2.112,5.265,5.966]","[0,1,2]"
2110,4,9.559,"[0.754,3.81,4.996]","[0,1,2]"
2120,0,86.091,"[36.9,27.125,22.066]","[0,1,2]"
2120,1,80.371,"[34.37,25.585,20.416]","[0,1,2]"
2120,2,70.251,"[29.885,22.825,17.541]","[0,1,2]"
2120,3,5.966,"[2.193,1.067,2.706]","[0,1,2]"
2120,4,2.474,"[0.738,0.0,1.736]","[0,1,2]"
2130,0,87.915,"[34.544,33.302,20.069]","[0,1,2]"
2130,1,82.195,"[32.289,31.707,18.199]","[0,1,2]"
2130,2,71.845,"[28.264,28.717,14.864]","[0,1,2]"
2130,3,8.549,"[1.561,5.97,1.018]","[0,1,2]"
2130,4,5.251,"[0.203,5.0,0.048]","[0,1,2]"
2140,0,77.681,"[27.41,24.83,25.441]","[0,1,2]"
2140,1,72.181,"[25.375,23.4,23.406]","[0,1,2]"
2140,2,62.636,"[22.04,20.755,19.841]","[0,1,2]"
2140,3,7.252,"[3.249,0.975,3.028]","[0,1,2]"
2140,4,4.051,"[1.988,0.005,2.058]","[0,1,2]"
2150,0,79.798,"[24.023,32.565,23.21]","[0,1,2]"
2150,1,74.793,"[22.373,31.025,21.395]","[0,1,2]"
2150,2,66.168,"[19.613,28.15,18.405]","[0,1,2]"
2150,3,10.784,"[1.811,5.403,3.57]","[0,1,2]"
2150,4,7.292,"[0.356,4.336,2.6]","[0,1,2]"
2160,0,73.677,"[23.744,29.026,20.907]","[0,1,2]"
2160,1,68.727,"[22.204,27.431,19.092]","[0,1,2]"
2160,2,60.102,"[19.789,24.441,15.872]","[0,1,2]"
2160,3,5.707,"[2.976,1.694,1.037]","[0,1,2]"
2160,4,2.7,"[1.909,0.724,0.067]","[0,1,2]"
2170,0,86.502,"[28.906,33.271,24.324]","[0,1,2]"
2170,1,81.112,"[26.926,31.511,22.674]","[0,1,2]"
2170,2,71.222,"[23.476,28.061,19.684]","[0,1,2]"
2170,3,7.926,"[1.718,1.358,4.849]","[0,1,2]"
2170,4,4.24,"[0.36,0.0,3.879]","[0,1,2]"
2180,0,83.898,"[32.388,27.297,24.213]","[0,1,2]"
2180,1,78.123,"[30.023,25.757,22.343]","[0,1,2]"
2180,2,67.428,"[25.538,22.882,19.008]","[0,1,2]"
2180,3,5.121,"[1.802,1.124,2.195]","[0,1,2]"
2180,4,1.629,"[0.347,0.057,1.225]","[0,1,2]"
2190,0,83.522,"[31.326,27.098,25.098]","[0,1,2]"
2190,1,78.187,"[29.126,25.778,23.283]","[0,1,2]"
2190,2,68.987,"[25.446,23.363,20.178]","[0,1,2]"
2190,3,12.614,"[1.71,5.561,5.343]","[0,1,2]"
2190,4,9.122,"[0.158,4.591,4.373]","[0,1,2]"
2200,0,84.587,"[26.509,31.08,26.999]","[0,1,2]"
2200,1,79.087,"[24.364,29.595,25.129]","[0,1,2]"
2200,2,69.197,"[20.569,26.835,21.794]","[0,1,2]"
2200,3,13.813,"[1.778,6.066,5.97]","[0,1,2]"
2200,4,10.515,"[0.517,4.999,5.0]","[0,1,2]"
2210,0,87.767,"[27.381,34.902,25.484]","[0,1,2]"
2210,1,82.267,"[25.346,33.197,23.724]","[0,1,2]"
2210,2,72.377,"[21.781,29.977,20.619]","[0,1,2]"
2210,3,13.037,"[2.001,5.252,5.784]","[0,1,2]"
2210,4,9.448,"[0.643,3.991,4.814]","[0,1,2]"
2220,0,100.656,"[42.816,32.095,25.745]","[0,1,2]"
2220,1,95.101,"[40.341,30.445,24.315]","[0,1,2]"
2220,2,84.751,"[35.626,27.34,21.785]","[0,1,2]"
2220,3,13.543,"[3.978,3.604,5.961]","[0,1,2]"
2220,4,9.857,"[2.426,2.44,4.991]","[0,1,2]"
2230,0,94.874,"[36.583,32.24,26.051]","[0,1,2]"
2230,1,88.934,"[34.108,30.7,24.126]","[0,1,2]"
2230,2,78.239,"[29.738,27.825,20.676]","[0,1,2]"
2230,3,16.921,"[5.013,6.067,5.841]","[0,1,2]"
2230,4,13.332,"[3.461,5.0,4.871]","[0,1,2]"
2240,0,81.495,"[31.225,31.314,18.957]","[0,1,2]"
2240,1,75.94,"[28.64,29.829,17.472]","[0,1,2]"
2240,2,66.05,"[24.155,27.069,14.827]","[0,1,2]"
2240,3,7.699,"[1.408,5.311,0.981]","[0,1,2]"
2240,4,4.401,"[0.05,4.341,0.011]","[0,1,2]"
2250,0,82.974,"[26.205,30.984,25.785]","[0,1,2]"
2250,1,77.584,"[24.06,29.499,24.025]","[0,1,2]"
2250,2,68.039,"[20.495,26.739,20.805]","[0,1,2]"
2250,3,13.644,"[1.704,5.97,5.97]","[0,1,2]"
2250,4,10.54,"[0.54,5.0,5.0]","[0,1,2]"
2260,0,90.47,"[35.481,28.449,26.539]","[0,1,2]"
2260,1,84.42,"[32.731,26.909,24.779]","[0,1,2]"
2260,2,74.07,"[28.246,24.034,21.789]","[0,1,2]"
2260,3,8.796,"[1.543,1.287,5.965]","[0,1,2]"
2260,4,5.401,"[0.379,0.026,4.995]","[0,1,2]"
2270,0,85.467,"[33.722,30.618,21.127]","[0,1,2]"
2270,1,79.582,"[31.192,29.078,19.312]","[0,1,2]"
2270,2,69.462,"[27.167,26.203,16.092]","[0,1,2]"
2270,3,7.155,"[2.442,3.456,1.257]","[0,1,2]"
2270,4,3.76,"[0.987,2.486,0.287]","[0,1,2]"
2280,0,89.469,"[31.459,33.302,24.708]","[0,1,2]"
2280,1,83.914,"[29.314,31.707,22.893]","[0,1,2]"
2280,2,74.024,"[25.519,28.717,19.788]","[0,1,2]"
2280,3,13.695,"[1.783,5.97,5.942]","[0,1,2]"
2280,4,10.203,"[0.231,5.0,4.972]","[0,1,2]"
2290,0,91.992,"[34.945,30.977,26.07]","[0,1,2]"
2290,1,86.052,"[32.305,29.492,24.255]","[0,1,2]"
2290,2,75.127,"[27.59,26.732,20.805]","[0,1,2]"
2290,3,13.809,"[1.876,5.963,5.97]","[0,1,2]"
2290,4,10.414,"[0.421,4.993,5.0]","[0,1,2]"
2300,0,83.529,"[31.69,27.157,24.681]","[0,1,2]"
2300,1,78.139,"[29.6,25.617,22.921]","[0,1,2]"
2300,2,68.479,"[25.92,22.742,19.816]","[0,1,2]"
2300,3,9.139,"[2.184,0.984,5.97]","[0,1,2]"
2300,4,5.841,"[0.826,0.014,5.0]","[0,1,2]"
2310,0,81.968,"[27.817,26.973,27.179]","[0,1,2]"
2310,1,76.578,"[25.672,25.488,25.419]","[0,1,2]"
2310,2,66.688,"[21.877,22.728,22.084]","[0,1,2]"
2310,3,10.315,"[3.086,0.97,6.26]","[0,1,2]"
2310,4,6.629,"[1.631,0.0,4.999]","[0,1,2]"
2320,0,86.169,"[33.535,34.336,18.297]","[0,1,2]"
2320,1,80.559,"[31.17,32.686,16.702]","[0,1,2]"
2320,2,70.669,"[27.145,29.696,13.827]","[0,1,2]"
2320,3,9.351,"[2.42,5.96,0.97]","[0,1,2]"
2320,4,5.568,"[0.577,4.99,0.0]","[0,1,2]"
2330,0,94.85,"[40.487,32.139,22.224]","[0,1,2]"
2330,1,88.525,"[37.682,30.599,20.244]","[0,1,2]"
2330,2,77.025,"[32.507,27.724,16.794]","[0,1,2]"
2330,3,8.784,"[1.848,5.966,0.97]","[0,1,2]"
2330,4,5.486,"[0.49,4.996,0.0]","[0,1,2]"
2340,0,87.479,"[31.009,33.141,23.329]","[0,1,2]"
2340,1,81.759,"[28.864,31.546,21.349]","[0,1,2]"
2340,2,71.639,"[25.299,28.556,17.784]","[0,1,2]"
2340,3,7.354,"[1.563,4.82,0.971]","[0,1,2]"
2340,4,4.056,"[0.205,3.85,0.001]","[0,1,2]"
2350,0,90.964,"[36.879,26.989,27.096]","[0,1,2]"
2350,1,85.574,"[34.789,25.559,25.226]","[0,1,2]"
2350,2,75.799,"[30.994,22.914,21.891]","[0,1,2]"
2350,3,10.525,"[2.313,2.145,6.067]","[0,1,2]"
2350,4,7.033,"[0.858,1.175,5.0]","[0,1,2]"
2360,0,87.799,"[36.879,26.973,23.946]","[0,1,2]"
2360,1,82.079,"[34.129,25.488,22.461]","[0,1,2]"
2360,2,71.959,"[29.414,22.728,19.816]","[0,1,2]"
2360,3,9.652,"[2.711,0.97,5.97]","[0,1,2]"
2360,4,6.063,"[1.062,0.0,5.0]","[0,1,2]"
2370,0,85.695,"[34.54,24.825,26.33]","[0,1,2]"
2370,1,80.085,"[32.34,23.395,24.35]","[0,1,2]"
2370,2,69.965,"[28.43,20.75,20.785]","[0,1,2]"
2370,3,9.636,"[2.716,0.97,5.95]","[0,1,2]"
2370,4,5.756,"[0.776,0.0,4.98]","[0,1,2]"
2380,0,83.206,"[31.101,25.984,26.121]","[0,1,2]"
2380,1,77.706,"[28.956,24.499,24.251]","[0,1,2]"
2380,2,67.816,"[25.276,21.739,20.801]","[0,1,2]"
2380,3,8.476,"[1.54,0.97,5.966]","[0,1,2]"
2380,4,5.178,"[0.182,0.0,4.996]","[0,1,2]"
2390,0,78.462,"[26.645,27.531,24.286]","[0,1,2]"
2390,1,73.732,"[25.05,25.991,22.691]","[0,1,2]"
2390,2,65.337,"[22.405,23.116,19.816]","[0,1,2]"
2390,3,9.953,"[2.625,1.358,5.97]","[0,1,2]"
2390,4,6.364,"[1.364,0.0,5.0]","[0,1,2]"
2400,0,91.328,"[35.683,30.964,24.681]","[0,1,2]"
2400,1,85.663,"[33.263,29.479,22.921]","[0,1,2]"
2400,2,75.888,"[29.353,26.719,19.816]","[0,1,2]"
2400,3,14.57,"[2.65,5.95,5.97]","[0,1,2]"
2400,4,11.369,"[1.486,4.883,5.0]","[0,1,2]"
2410,0,86.953,"[27.479,31.06,28.415]","[0,1,2]"
2410,1,81.618,"[25.719,29.575,26.325]","[0,1,2]"
2410,2,72.073,"[22.499,26.815,22.76]","[0,1,2]"
2410,3,12.733,"[1.73,5.057,5.947]","[0,1,2]"
2410,4,9.629,"[0.566,4.087,4.977]","[0,1,2]"
2420,0,88.768,"[31.131,29.648,27.988]","[0,1,2]"
2420,1,83.103,"[28.711,28.273,26.118]","[0,1,2]"
2420,2,73.098,"[24.571,25.743,22.783]","[0,1,2]"
2420,3,14.747,"[2.813,5.963,5.97]","[0,1,2]"
2420,4,11.643,"[1.649,4.993,5.0]","[0,1,2]"
2430,0,85.409,"[26.835,32.79,25.785]","[0,1,2]"
2430,1,79.964,"[24.745,31.195,24.025]","[0,1,2]"
2430,2,70.304,"[21.295,28.205,20.805]","[0,1,2]"
2430,3,12.942,"[1.515,5.458,5.97]","[0,1,2]"
2430,4,9.644,"[0.157,4.488,5.0]","[0,1,2]"
2440,0,93.171,"[41.069,29.805,22.297]","[0,1,2]"
2440,1,86.846,"[37.989,28.375,20.482]","[0,1,2]"
2440,2,76.036,"[33.159,25.73,17.147]","[0,1,2]"
2440,3,9.773,"[1.511,5.95,2.312]","[0,1,2]"
2440,4,6.475,"[0.25,4.883,1.342]","[0,1,2]"
2450,0,77.124,"[29.286,29.65,18.188]","[0,1,2]"
2450,1,71.954,"[27.086,28.275,16.593]","[0,1,2]"
2450,2,62.754,"[23.176,25.745,13.833]","[0,1,2]"
2450,3,11.326,"[4.385,5.965,0.976]","[0,1,2]"
2450,4,8.125,"[3.124,4.995,0.006]","[0,1,2]"
2460,0,92.242,"[28.228,38.174,25.84]","[0,1,2]"
2460,1,86.852,"[26.413,36.414,24.025]","[0,1,2]"
2460,2,77.077,"[23.308,32.964,20.805]","[0,1,2]"
2460,3,14.77,"[2.539,6.261,5.97]","[0,1,2]"
2460,4,11.375,"[1.375,5.0,5.0]","[0,1,2]"
2470,0,88.288,"[37.124,25.984,25.179]","[0,1,2]"
2470,1,82.788,"[34.869,24.499,23.419]","[0,1,2]"
2470,2,73.013,"[30.959,21.739,20.314]","[0,1,2]"
2470,3,7.739,"[1.289,0.97,5.479]","[0,1,2]"
2470,4,4.635,"[0.125,0.0,4.509]","[0,1,2]"
2480,0,82.388,"[32.008,24.655,25.725]","[0,1,2]"
2480,1,76.668,"[29.478,23.28,23.91]","[0,1,2]"
2480,2,66.318,"[24.763,20.75,20.805]","[0,1,2]"
2480,3,8.956,"[2.016,0.97,5.97]","[0,1,2]"
2480,4,5.561,"[0.561,0.0,5.0]","[0,1,2]"
2490,0,86.747,"[32.757,29.82,24.17]","[0,1,2]"
2490,1,81.577,"[30.612,28.39,22.575]","[0,1,2]"
2490,2,72.262,"[26.702,25.745,19.815]","[0,1,2]"
2490,3,13.911,"[1.977,5.965,5.969]","[0,1,2]"
2490,4,10.71,"[0.716,4.995,4.999]","[0,1,2]"
2500,0,85.209,"[33.095,30.952,21.162]","[0,1,2]"
2500,1,79.599,"[30.675,29.357,19.567]","[0,1,2]"
2500,2,69.594,"[26.535,26.482,16.577]","[0,1,2]"
2500,3,8.276,"[1.81,3.735,2.731]","[0,1,2]"
2500,4,5.075,"[0.549,2.765,1.761]","[0,1,2]"
2510,0,84.365,"[28.303,32.088,23.974]","[0,1,2]"
2510,1,78.975,"[26.323,30.548,22.104]","[0,1,2]"
2510,2,69.545,"[22.988,27.673,18.884]","[0,1,2]"
2510,3,13.172,"[2.219,5.915,5.038]","[0,1,2]"
2510,4,9.777,"[0.764,4.945,4.068]","[0,1,2]"
2520,0,79.609,"[29.577,25.815,24.217]","[0,1,2]"
2520,1,74.384,"[27.487,24.385,22.512]","[0,1,2]"
2520,2,65.414,"[23.922,21.74,19.752]","[0,1,2]"
2520,3,11.019,"[4.142,0.971,5.906]","[0,1,2]"
2520,4,7.818,"[2.881,0.001,4.936]","[0,1,2]"
2530,0,80.194,"[28.338,25.966,25.89]","[0,1,2]"
2530,1,74.914,"[26.413,24.481,24.02]","[0,1,2]"
2530,2,65.829,"[23.308,21.836,20.685]","[0,1,2]"
2530,3,8.467,"[1.55,1.067,5.85]","[0,1,2]"
2530,4,5.169,"[0.289,0.0,4.88]","[0,1,2]"
2540,0,81.459,"[29.684,26.979,24.796]","[0,1,2]"
2540,1,76.014,"[27.484,25.494,23.036]","[0,1,2]"
2540,2,66.469,"[23.919,22.734,19.816]","[0,1,2]"
2540,3,9.107,"[2.161,0.976,5.97]","[0,1,2]"
2540,4,5.615,"[0.609,0.006,5.0]","[0,1,2]"
2550,0,71.993,"[24.929,26.983,20.081]","[0,1,2]"
2550,1,66.878,"[23.224,25.498,18.156]","[0,1,2]"
2550,2,58.138,"[20.579,22.738,14.821]","[0,1,2]"
2550,3,3.743,"[1.788,0.98,0.975]","[0,1,2]"
2550,4,0.251,"[0.236,0.01,0.005]","[0,1,2]"
2560,0,81.012,"[32.72,23.721,24.571]","[0,1,2]"
2560,1,75.842,"[30.63,22.291,22.921]","[0,1,2]"
2560,2,66.412,"[26.835,19.761,19.816]","[0,1,2]"
2560,3,9.05,"[2.11,0.97,5.97]","[0,1,2]"
2560,4,5.849,"[0.849,0.0,5.0]","[0,1,2]"
2570,0,99.174,"[40.044,34.098,25.032]","[0,1,2]"
2570,1,92.464,"[37.239,32.283,22.942]","[0,1,2]"
2570,2,80.044,"[31.949,28.833,19.262]","[0,1,2]"
2570,3,5.869,"[3.268,1.141,1.46]","[0,1,2]"
2570,4,2.28,"[2.104,0.171,0.005]","[0,1,2]"
2580,0,86.12,"[32.304,29.305,24.511]","[0,1,2]"
2580,1,80.73,"[30.214,27.71,22.806]","[0,1,2]"
2580,2,71.07,"[26.534,24.72,19.816]","[0,1,2]"
2580,3,10.741,"[3.787,0.984,5.97]","[0,1,2]"
2580,4,7.637,"[2.623,0.014,5.0]","[0,1,2]"
2590,0,72.917,"[24.7,25.97,22.247]","[0,1,2]"
2590,1,67.802,"[22.775,24.595,20.432]","[0,1,2]"
2590,2,58.487,"[19.325,22.065,17.097]","[0,1,2]"
2590,3,7.059,"[2.512,3.274,1.273]","[0,1,2]"
2590,4,3.761,"[1.251,2.207,0.303]","[0,1,2]"
2600,0,90.793,"[35.655,31.686,23.452]","[0,1,2]"
2600,1,85.293,"[33.4,30.201,21.692]","[0,1,2]"
2600,2,75.748,"[29.49,27.441,18.817]","[0,1,2]"
2600,3,14.43,"[2.787,5.683,5.96]","[0,1,2]"
2600,4,10.647,"[0.944,4.713,4.99]","[0,1,2]"
2610,0,71.852,"[27.951,25.471,18.431]","[0,1,2]"
2610,1,66.572,"[25.696,24.096,16.781]","[0,1,2]"
2610,2,57.257,"[21.786,21.566,13.906]","[0,1,2]"
2610,3,4.84,"[2.006,1.786,1.049]","[0,1,2]"
2610,4,1.639,"[0.745,0.816,0.079]","[0,1,2]"
2620,0,92.886,"[28.849,41.339,22.698]","[0,1,2]"
2620,1,86.671,"[26.649,39.194,20.828]","[0,1,2]"
2620,2,75.746,"[22.854,35.054,17.838]","[0,1,2]"
2620,3,12.45,"[4.063,2.417,5.97]","[0,1,2]"
2620,4,7.988,"[2.802,0.186,5.0]","[0,1,2]"
2630,0,84.884,"[30.904,27.096,26.884]","[0,1,2]"
2630,1,79.549,"[28.869,25.666,25.014]","[0,1,2]"
2630,2,70.004,"[25.304,22.906,21.794]","[0,1,2]"
2630,3,8.686,"[1.568,1.148,5.97]","[0,1,2]"
2630,4,5.388,"[0.307,0.081,5.0]","[0,1,2]"
2640,0,81.585,"[33.571,24.757,23.257]","[0,1,2]"
2640,1,76.36,"[31.646,23.327,21.387]","[0,1,2]"
2640,2,66.93,"[28.081,20.797,18.052]","[0,1,2]"
2640,3,6.601,"[3.356,1.017,2.228]","[0,1,2]"
2640,4,3.109,"[1.804,0.047,1.258]","[0,1,2]"
2650,0,80.211,"[23.965,30.868,25.378]","[0,1,2]"
2650,1,75.536,"[22.425,29.383,23.728]","[0,1,2]"
2650,2,67.256,"[19.665,26.738,20.853]","[0,1,2]"
2650,3,13.85,"[1.863,5.969,6.018]","[0,1,2]"
2650,4,10.552,"[0.602,4.999,4.951]","[0,1,2]"
2660,0,88.268,"[32.124,29.71,26.434]","[0,1,2]"
2660,1,82.713,"[29.649,28.28,24.784]","[0,1,2]"
2660,2,73.053,"[25.509,25.75,21.794]","[0,1,2]"
2660,3,13.713,"[1.773,5.97,5.97]","[0,1,2]"
2660,4,10.318,"[0.318,5.0,5.0]","[0,1,2]"
2670,0,90.255,"[34.456,33.284,22.515]","[0,1,2]"
2670,1,84.645,"[32.146,31.689,20.81]","[0,1,2]"
2670,2,74.87,"[28.236,28.814,17.82]","[0,1,2]"
2670,3,11.574,"[2.522,6.067,2.985]","[0,1,2]"
2670,4,7.694,"[0.679,5.0,2.015]","[0,1,2]"
2680,0,81.412,"[26.54,29.257,25.615]","[0,1,2]"
2680,1,76.077,"[24.505,27.662,23.91]","[0,1,2]"
2680,2,66.877,"[21.285,24.787,20.805]","[0,1,2]"
2680,3,11.493,"[3.483,2.04,5.97]","[0,1,2]"
2680,4,8.195,"[2.125,1.07,5.0]","[0,1,2]"
2690,0,95.952,"[37.909,35.45,22.593]","[0,1,2]"
2690,1,90.232,"[35.489,33.8,20.943]","[0,1,2]"
2690,2,79.882,"[31.349,30.695,17.838]","[0,1,2]"
2690,3,13.619,"[1.679,5.97,5.97]","[0,1,2]"
2690,4,10.127,"[0.127,5.0,5.0]","[0,1,2]"
2700,0,86.788,"[32.827,28.399,25.562]","[0,1,2]"
2700,1,81.453,"[30.847,26.804,23.802]","[0,1,2]"
2700,2,71.563,"[27.167,23.814,20.582]","[0,1,2]"
2700,3,9.256,"[2.442,1.067,5.747]","[0,1,2]"
2700,4,5.667,"[0.89,0.0,4.777]","[0,1,2]"
2710,0,84.42,"[35.847,24.24,24.333]","[0,1,2]"
2710,1,78.755,"[33.152,22.92,22.683]","[0,1,2]"
2710,2,69.21,"[28.782,20.62,19.808]","[0,1,2]"
2710,3,10.859,"[2.079,2.818,5.962]","[0,1,2]"
2710,4,7.367,"[0.527,1.848,4.992]","[0,1,2]"
2720,0,84.072,"[28.712,33.229,22.131]","[0,1,2]"
2720,1,78.957,"[26.842,31.689,20.426]","[0,1,2]"
2720,2,69.757,"[23.622,28.814,17.321]","[0,1,2]"
2720,3,11.406,"[3.842,6.067,1.497]","[0,1,2]"
2720,4,8.011,"[2.484,5.0,0.527]","[0,1,2]"
2730,0,91.673,"[33.935,33.302,24.435]","[0,1,2]"
2730,1,86.063,"[31.625,31.707,22.73]","[0,1,2]"
2730,2,76.058,"[27.6,28.717,19.74]","[0,1,2]"
2730,3,13.751,"[1.886,5.97,5.894]","[0,1,2]"
2730,4,10.162,"[0.237,5.0,4.924]","[0,1,2]"
2740,0,75.262,"[23.414,31.973,19.875]","[0,1,2]"
2740,1,70.697,"[22.094,30.488,18.115]","[0,1,2]"
2740,2,62.647,"[19.794,27.728,15.125]","[0,1,2]"
2740,3,10.23,"[2.981,5.97,1.279]","[0,1,2]"
2740,4,7.126,"[1.817,5.0,0.309]","[0,1,2]"
2750,0,89.632,"[33.517,32.167,23.949]","[0,1,2]"
2750,1,84.132,"[31.262,30.682,22.189]","[0,1,2]"
2750,2,74.702,"[27.582,27.922,19.199]","[0,1,2]"
2750,3,13.384,"[1.868,6.164,5.353]","[0,1,2]"
2750,4,9.989,"[0.607,5.0,4.383]","[0,1,2]"
2760,0,82.376,"[27.402,34.388,20.586]","[0,1,2]"
2760,1,77.206,"[25.367,32.793,19.046]","[0,1,2]"
2760,2,67.776,"[21.802,29.803,16.171]","[0,1,2]"
2760,3,10.414,"[2.022,6.067,2.325]","[0,1,2]"
2760,4,7.019,"[0.664,5.0,1.355]","[0,1,2]"
2770,0,72.564,"[22.674,28.285,21.604]","[0,1,2]"
2770,1,67.944,"[21.354,26.69,19.899]","[0,1,2]"
2770,2,59.779,"[19.169,23.815,16.794]","[0,1,2]"
2770,3,5.384,"[3.345,1.068,0.97]","[0,1,2]"
2770,4,1.892,"[1.89,0.001,0.0]","[0,1,2]"
2780,0,85.545,"[38.891,27.143,19.511]","[0,1,2]"
2780,1,79.715,"[36.306,25.603,17.806]","[0,1,2]"
2780,2,69.25,"[31.706,22.728,14.816]","[0,1,2]"
2780,3,3.976,"[2.036,0.97,0.97]","[0,1,2]"
2780,4,0.581,"[0.581,0.0,0.0]","[0,1,2]"
